,Date,states,Lst_price,sret,mkt_cret,Ticker
0,2016-01-06,0,2.0845,-0.003591527863962128,-0.003591527863962128,HG1
1,2016-01-07,0,2.0185,-0.03217435702785596,-0.03576588489181809,HG1
2,2016-01-08,0,2.0185,0.0,-0.03576588489181809,HG1
3,2016-01-11,0,1.9705,-0.02406734365793719,-0.05983322854975528,HG1
4,2016-01-12,0,1.957,-0.006874629238982041,-0.06670785778873732,HG1
5,2016-01-13,0,1.954,-0.0015341347933482505,-0.06824199258208558,HG1
6,2016-01-14,0,1.9745,0.01043664812397606,-0.05780534445810952,HG1
7,2016-01-15,0,1.943,-0.016082031349263972,-0.07388737580737349,HG1
8,2016-01-19,0,1.9775,0.017600250264368823,-0.05628712554300467,HG1
9,2016-01-20,0,1.959,-0.00939928169726822,-0.06568640724027289,HG1
10,2016-01-21,0,1.995,0.01820991137942317,-0.04747649586084972,HG1
11,2016-01-22,0,2.001,0.003003005259769556,-0.04447349060108016,HG1
12,2016-01-25,0,1.9955,-0.0027524100949447993,-0.04722590069602496,HG1
13,2016-01-26,0,2.035,0.019601173387906807,-0.027624727308118154,HG1
14,2016-01-27,0,2.0625,0.01342302033214055,-0.014201706975977604,HG1
15,2016-01-28,0,2.049,-0.006566969969936382,-0.020768676945913986,HG1
16,2016-01-29,0,2.064,0.007293978362553626,-0.01347469858336036,HG1
17,2016-02-01,0,2.0555,-0.0041267202635203145,-0.017601418846880674,HG1
18,2016-02-02,0,2.055,-0.00024327940759800182,-0.017844698254478677,HG1
19,2016-02-03,0,2.095,0.0192777054259031,0.0014330071714244233,HG1
20,2016-02-04,0,2.1315,0.01727240384902669,0.018705411020451115,HG1
21,2016-02-05,0,2.103,-0.013461060502565125,0.005244350517885989,HG1
22,2016-02-08,0,2.0905,-0.005961624906080143,-0.0007172743881941534,HG1
23,2016-02-09,0,2.0395,-0.024698592039006588,-0.025415866427200742,HG1
24,2016-02-10,0,2.027,-0.006147812305613031,-0.03156367873281377,HG1
25,2016-02-11,0,2.0065,-0.010164956745028706,-0.04172863547784248,HG1
26,2016-02-12,0,2.029,0.011151150118843415,-0.030577485358999068,HG1
27,2016-02-16,0,2.051,0.010784418246565928,-0.01979306711243314,HG1
28,2016-02-17,0,2.0755,0.011874609420712683,-0.007918457691720457,HG1
29,2016-02-18,0,2.0735,-0.0009640878066573223,-0.008882545498377779,HG1
30,2016-02-19,0,2.0765,0.0014457833843721367,-0.007436762114005642,HG1
31,2016-02-22,0,2.115,0.01837102840957042,0.010934266295564779,HG1
32,2016-02-23,0,2.1055,-0.004501843878395942,0.006432422417168837,HG1
33,2016-02-24,0,2.096,-0.00452220216104976,0.0019102202561190771,HG1
34,2016-02-25,0,2.0665,-0.01417441148914573,-0.012264191233026654,HG1
35,2016-02-26,0,2.118,0.024615892209564633,0.012351700976537979,HG1
36,2016-02-29,0,2.1285,0.004945259106855332,0.017296960083393313,HG1
37,2016-03-01,0,2.1425,0.006555865203727912,0.023852825287121224,HG1
38,2016-03-02,0,2.1785,0.01666319508556192,0.04051602037268315,HG1
39,2016-03-03,0,2.2055,0.01231767398749739,0.05283369436018054,HG1
40,2016-03-04,0,2.272,0.029706260296047497,0.08253995465622804,HG1
41,2016-03-07,0,2.282,0.004391750580979002,0.08693170523720704,HG1
42,2016-03-08,0,2.2205,-0.02731985568986399,0.059611849547343054,HG1
43,2016-03-09,0,2.231,0.004717519700375625,0.06432936924771868,HG1
44,2016-03-10,0,2.2185,-0.005618623613568181,0.0587107456341505,HG1
45,2016-03-11,0,2.2395,0.009421334828390615,0.06813208046254111,HG1
46,2016-03-14,0,2.238,-0.000670016775484218,0.0674620636870569,HG1
47,2016-03-15,0,2.232,-0.0026845653706688757,0.06477749831638803,HG1
48,2016-03-16,0,2.2325,0.00022398924945242534,0.06500148756584045,HG1
49,2016-03-17,0,2.2905,0.02564810057614289,0.09064958814198334,HG1
50,2016-03-18,0,2.2805,-0.004375417175041825,0.08627417096694152,HG1
51,2016-03-21,0,2.291,0.004593686301740352,0.09086785726868188,HG1
52,2016-03-22,0,2.287,-0.0017474884307143374,0.08912036883796755,HG1
53,2016-03-23,0,2.232,-0.024342870521579477,0.06477749831638807,HG1
54,2016-03-24,0,2.226,-0.0026917916657115256,0.062085706650676545,HG1
55,2016-03-29,0,2.211,-0.006761350978043907,0.055324355672632636,HG1
56,2016-03-30,0,2.187,-0.010914160180678518,0.044410195491954116,HG1
57,2016-03-31,0,2.1815,-0.0025180281131033906,0.04189216737885072,HG1
58,2016-04-01,0,2.163,-0.008516566610605668,0.033375600768245056,HG1
59,2016-04-04,0,2.1405,-0.010456700368057964,0.02291890040018709,HG1
60,2016-04-05,0,2.138,-0.0011686340000102895,0.021750266400176802,HG1
61,2016-04-06,0,2.1435,0.0025691944530411826,0.024319460853217983,HG1
62,2016-04-07,0,2.0765,-0.0317562229672236,-0.007436762114005617,HG1
63,2016-04-08,0,2.087,0.0050438440063927045,-0.0023929181076129125,HG1
64,2016-04-11,0,2.0905,0.001675643719418812,-0.0007172743881941005,HG1
65,2016-04-12,0,2.147,0.026668247082161273,0.02595097269396717,HG1
66,2016-04-13,0,2.168,0.009733564680755872,0.03568453737472305,HG1
67,2016-04-14,0,2.171,0.0013828073187548023,0.03706734469347785,HG1
68,2016-04-15,0,2.153,-0.008325672513928689,0.028741672179549156,HG1
69,2016-04-18,0,2.1645,0.0053271695176722545,0.03406884169722141,HG1
70,2016-04-19,0,2.2235,0.026893143068716017,0.06096198476593742,HG1
71,2016-04-20,0,2.238,0.006500078921119328,0.06746206368705675,HG1
72,2016-04-21,0,2.251,0.005791952034861667,0.07325401572191842,HG1
73,2016-04-22,0,2.2645,0.005979422089536318,0.07923343781145474,HG1
74,2016-04-25,0,2.2525,-0.005313273513775548,0.0739201642976792,HG1
75,2016-04-26,0,2.242,-0.004672385850387792,0.06924777844729141,HG1
76,2016-04-27,0,2.2165,-0.011438949446997079,0.057808829000294326,HG1
77,2016-04-28,0,2.2245,0.0036027960609882744,0.0614116250612826,HG1
78,2016-04-29,0,2.279,0.024204578999587858,0.08561620406087046,HG1
79,2016-05-03,0,2.216,-0.02803298137850969,0.05758322268236077,HG1
80,2016-05-04,0,2.1835,-0.01477467494155888,0.04280854774080189,HG1
81,2016-05-05,0,2.152,-0.014531451643940518,0.028277096096861368,HG1
82,2016-05-06,0,2.151,-0.0004647920139451945,0.027812304082916173,HG1
83,2016-05-09,0,2.104,-0.02209255541012938,0.005719748672786792,HG1
84,2016-05-10,0,2.09,-0.006676228898743933,-0.000956480225957141,HG1
85,2016-05-11,0,2.101,0.005249355886143745,0.004292875660186604,HG1
86,2016-05-12,0,2.073,-0.013416588409220885,-0.009123712749034282,HG1
87,2016-05-13,0,2.073,0.0,-0.009123712749034282,HG1
88,2016-05-16,0,2.089,0.007688649120786139,-0.0014350636282481422,HG1
89,2016-05-17,0,2.0895,0.00023932033140433958,-0.0011957432968438026,HG1
90,2016-05-18,0,2.08,-0.004556909192606498,-0.0057526524894503,HG1
91,2016-05-19,0,2.061,-0.009176591804904705,-0.014929244294355005,HG1
92,2016-05-20,0,2.0565,-0.0021857932199800967,-0.017115037514335102,HG1
93,2016-05-23,0,2.0565,0.0,-0.017115037514335102,HG1
94,2016-05-24,0,2.0685,0.00581819823098726,-0.011296839283347841,HG1
95,2016-05-25,0,2.1035,0.016778917129109505,0.005482077845761664,HG1
96,2016-05-26,0,2.103,-0.00023772732787561836,0.005244350517886046,HG1
97,2016-05-27,0,2.114,0.0052169907274829345,0.010461341245368981,HG1
98,2016-05-31,0,2.0975,-0.007835728088821589,0.002625613156547392,HG1
99,2016-06-01,0,2.073,-0.011749325905581757,-0.009123712749034365,HG1
100,2016-06-02,0,2.07,-0.001448226176364875,-0.01057193892539924,HG1
101,2016-06-03,0,2.113,0.020560131356641944,0.009988192431242705,HG1
102,2016-06-06,0,2.1175,0.0021274089101528597,0.012115601341395565,HG1
103,2016-06-07,0,2.051,-0.0319086684538289,-0.019793067112433334,HG1
104,2016-06-08,0,2.0615,0.0051063940745740555,-0.014686673037859279,HG1
105,2016-06-09,0,2.039,-0.010974381572499501,-0.02566105461035878,HG1
106,2016-06-10,0,2.0305,-0.004177423448102732,-0.02983847805846151,HG1
107,2016-06-13,0,2.0535,0.011263586270260901,-0.018574891788200612,HG1
108,2016-06-14,0,2.0405,-0.006350778550752898,-0.024925670338953508,HG1
109,2016-06-15,0,2.091,0.024447544582773297,-0.0004781257561802116,HG1
110,2016-06-16,0,2.048,-0.020778713269235232,-0.021256839025415444,HG1
111,2016-06-17,0,2.051,0.0014637719129822074,-0.019793067112433237,HG1
112,2016-06-20,0,2.093,0.020270964373618985,0.0004778972611857481,HG1
113,2016-06-21,0,2.116,0.01092907053219023,0.011406967793375978,HG1
114,2016-06-22,0,2.1355,0.009173297303331137,0.020580265096707115,HG1
115,2016-06-23,0,2.1625,0.012564148524513227,0.033144413621220344,HG1
116,2016-06-24,0,2.1105,-0.024340073583480937,0.008804340037739406,HG1
117,2016-06-27,0,2.122,0.005434153951374934,0.01423849398911434,HG1
118,2016-06-28,0,2.1705,0.022598515565719898,0.03683700955483424,HG1
119,2016-06-29,0,2.1835,0.005971538185967409,0.042808547740801645,HG1
120,2016-06-30,0,2.1945,0.005025136202673201,0.04783368394347484,HG1
121,2016-07-01,0,2.215,0.009298173350947176,0.057131857294422016,HG1
122,2016-07-05,0,2.1815,-0.01523968991557158,0.04189216737885044,HG1
123,2016-07-06,0,2.1515,-0.013847440285010126,0.028044727093840312,HG1
124,2016-07-07,0,2.122,-0.013806233104725958,0.014238493989114354,HG1
125,2016-07-08,0,2.118,-0.0018867930125766445,0.01235170097653771,HG1
126,2016-07-11,0,2.1475,0.013832127697058647,0.02618382867359636,HG1
127,2016-07-12,0,2.2115,0.029366643449971024,0.05555047212356738,HG1
128,2016-07-13,0,2.238,0.011911591563489095,0.06746206368705648,HG1
129,2016-07-14,0,2.2415,0.0015626747236236263,0.0690247384106801,HG1
130,2016-07-15,0,2.2315,-0.004471279526169461,0.06455345888451064,HG1
131,2016-07-18,0,2.234,0.0011196955598213219,0.06567315444433196,HG1
132,2016-07-19,0,2.261,0.012013492648823973,0.07768664709315592,HG1
133,2016-07-20,0,2.2525,-0.0037664827954768934,0.07392016429767903,HG1
134,2016-07-21,0,2.2575,0.002217295808647531,0.07613746010632656,HG1
135,2016-07-22,0,2.2345,-0.010240516917634127,0.06589694318869244,HG1
136,2016-07-25,0,2.216,-0.008313720506331734,0.0575832226823607,HG1
137,2016-07-26,0,2.224,0.003603607503298618,0.06118683018565932,HG1
138,2016-07-27,0,2.1825,-0.018836367656715803,0.04235046252894352,HG1
139,2016-07-28,0,2.206,0.010709912099690471,0.05306037462863399,HG1
140,2016-07-29,0,2.2205,0.0065514749187091425,0.05961184954734314,HG1
141,2016-08-01,0,2.1995,-0.009502333943382436,0.0501095156039607,HG1
142,2016-08-02,0,2.209,0.004309862631342783,0.05441937823530348,HG1
143,2016-08-03,0,2.1985,-0.004764614799252383,0.0496547634360511,HG1
144,2016-08-04,0,2.174,-0.011206520939710123,0.038448242496340976,HG1
145,2016-08-05,0,2.154,-0.009242209964820874,0.029206032531520102,HG1
146,2016-08-08,0,2.165,0.005093782720256418,0.03429981525177652,HG1
147,2016-08-09,0,2.15,-0.0069525193148817525,0.027347295936894767,HG1
148,2016-08-10,0,2.171,0.009720048756583211,0.03706734469347798,HG1
149,2016-08-11,0,2.191,0.009170169717174666,0.046237514410652644,HG1
150,2016-08-12,0,2.14,-0.023552231579569243,0.0226852828310834,HG1
151,2016-08-15,0,2.1515,0.005359444262757059,0.02804472709384046,HG1
152,2016-08-16,0,2.172,0.009483128775171846,0.037527855869012305,HG1
153,2016-08-17,0,2.152,-0.009250759772150998,0.028277096096861305,HG1
154,2016-08-18,0,2.1675,0.007176787373021802,0.03545388346988311,HG1
155,2016-08-19,0,2.167,-0.0002307071183379438,0.03522317635154516,HG1
156,2016-08-22,0,2.14,-0.012537893520461687,0.022685282831083474,HG1
157,2016-08-23,0,2.115,-0.01175101653551874,0.010934266295564734,HG1
158,2016-08-24,0,2.0765,-0.018371028409570313,-0.007436762114005579,HG1
159,2016-08-25,0,2.0765,0.0,-0.007436762114005579,HG1
160,2016-08-26,0,2.0785,0.0009626956218839591,-0.00647406649212162,HG1
161,2016-08-30,0,2.069,-0.004581080947149178,-0.011055147439270798,HG1
162,2016-08-31,0,2.0695,0.00024163344324413296,-0.010813513996026666,HG1
163,2016-09-01,0,2.0715,0.0009659503286692282,-0.009847563667357439,HG1
164,2016-09-02,0,2.0745,0.0014471782554660718,-0.008400385411891366,HG1
165,2016-09-06,0,2.087,0.0060074673042782465,-0.0023929181076131198,HG1
166,2016-09-07,0,2.096,0.004303138363731888,0.0019102202561187684,HG1
167,2016-09-08,0,2.099,0.0014302743797003266,0.0033404946358190947,HG1
168,2016-09-09,0,2.0915,-0.0035795289383800007,-0.00023903430256090596,HG1
169,2016-09-12,0,2.0985,0.0033412918913925532,0.0031022575888316473,HG1
170,2016-09-13,0,2.099,0.00023823704698744521,0.0033404946358190925,HG1
171,2016-09-14,0,2.1515,0.024704232458021128,0.02804472709384022,HG1
172,2016-09-15,0,2.1555,0.0018574419085350849,0.029902169002375304,HG1
173,2016-09-16,0,2.155,-0.00023199164934116896,0.029670177353034136,HG1
174,2016-09-19,0,2.152,-0.0013930812561729917,0.028277096096861146,HG1
175,2016-09-20,0,2.1585,0.003015893713857195,0.03129298981071834,HG1
176,2016-09-21,0,2.1485,-0.004643611780482499,0.026649378030235843,HG1
177,2016-09-22,0,2.191,0.01958813638041681,0.04623751441065266,HG1
178,2016-09-23,0,2.194,0.0013683012397090989,0.04760581565036176,HG1
179,2016-09-26,0,2.192,-0.0009119927672693508,0.04669382288309241,HG1
180,2016-09-27,0,2.163,-0.013318222114847532,0.033375600768244876,HG1
181,2016-09-28,0,2.181,0.008287340248570507,0.041662941016815384,HG1
182,2016-09-29,0,2.181,0.0,0.041662941016815384,HG1
183,2016-09-30,0,2.202,0.009582551080996156,0.05124549209781154,HG1
184,2016-10-03,0,2.1885,-0.0061496606516752515,0.04509583144613629,HG1
185,2016-10-04,0,2.1635,-0.011489096966010562,0.03360673448012573,HG1
186,2016-10-05,0,2.1605,-0.0013876042929516282,0.0322191301871741,HG1
187,2016-10-06,0,2.152,-0.003942034090312684,0.028277096096861416,HG1
188,2016-10-07,0,2.1605,0.003942034090312609,0.032219130187174025,HG1
189,2016-10-10,0,2.1945,0.015614553756300938,0.04783368394347497,HG1
190,2016-10-11,0,2.1825,-0.00548322141453137,0.042350462528943596,HG1
191,2016-10-12,0,2.173,-0.004362307457327617,0.03798815507161598,HG1
192,2016-10-13,0,2.118,-0.025636454095077973,0.012351700976538007,HG1
193,2016-10-14,0,2.107,-0.005207112357162622,0.007144588619375385,HG1
194,2016-10-17,0,2.1035,-0.0016625107736136363,0.005482077845761748,HG1
195,2016-10-18,0,2.102,-0.000713351593679171,0.004768726252082577,HG1
196,2016-10-19,0,2.1,-0.0009519277253819578,0.0038167985267006195,HG1
197,2016-10-20,0,2.093,-0.0033389012655147096,0.00047789726118590984,HG1
198,2016-10-21,0,2.0855,-0.00358980880899973,-0.00311191154781382,HG1
199,2016-10-24,0,2.09,0.0021554313218565433,-0.0009564802259572768,HG1
200,2016-10-25,0,2.135,0.021302580703868187,0.02034610047791091,HG1
201,2016-10-26,0,2.141,0.00280636292695796,0.023152463404868873,HG1
202,2016-10-27,0,2.159,0.00837214192512453,0.031524605329993405,HG1
203,2016-10-28,0,2.1885,0.013571226116142818,0.04509583144613622,HG1
204,2016-10-31,0,2.2005,0.005468229620196122,0.05056406106633234,HG1
205,2016-11-01,0,2.229,0.012868447134722927,0.06343250820105527,HG1
206,2016-11-02,0,2.2305,0.0006727211824505548,0.06410522938350582,HG1
207,2016-11-03,0,2.249,0.008259897390996317,0.07236512677450214,HG1
208,2016-11-04,0,2.265,0.007089085957818657,0.0794542127323208,HG1
209,2016-11-07,0,2.3095,0.019456291953525627,0.09891050468584642,HG1
210,2016-11-08,1,2.38,0.030069436794860228,0.12897994148070666,HG1
211,2016-11-09,1,2.4595,0.03285758956987401,0.16183753105058066,HG1
212,2016-11-10,1,2.551,0.036527361906416964,0.1983648929569976,HG1
213,2016-11-11,1,2.509,-0.016601171775389237,0.18176372118160838,HG1
214,2016-11-14,1,2.521,0.004771380821497503,0.18653510200310588,HG1
215,2016-11-15,1,2.505,-0.006366913668954662,0.1801681883341512,HG1
216,2016-11-16,1,2.4675,-0.015083242211328588,0.16508494612282262,HG1
217,2016-11-17,1,2.491,0.009478743954543959,0.17456369007736658,HG1
218,2016-11-18,1,2.4675,-0.009478743954543883,0.1650849461228227,HG1
219,2016-11-21,1,2.515,0.01906731122620316,0.18415225734902588,HG1
220,2016-11-22,1,2.5445,0.011661363495047808,0.1958136208440737,HG1
221,2016-11-23,1,2.6075,0.02445774084604009,0.2202713616901138,HG1
222,2016-11-25,1,2.668,0.02293722016058682,0.24320858185070063,HG1
223,2016-11-28,1,2.6565,-0.004319661144516507,0.23888892070618412,HG1
224,2016-11-29,1,2.595,-0.023422950291008788,0.21546597041517532,HG1
225,2016-11-30,1,2.6215,0.010160156412598355,0.22562612682777367,HG1
226,2016-12-01,1,2.635,0.005136508962875068,0.23076263579064873,HG1
227,2016-12-02,1,2.6185,-0.006281547255920184,0.22448108853472856,HG1
228,2016-12-05,1,2.6915,0.02749702428146965,0.2519781128161982,HG1
229,2016-12-06,1,2.6745,-0.006336212029707104,0.2456419007864911,HG1
230,2016-12-07,1,2.6395,-0.013172941707633954,0.23246895907885715,HG1
231,2016-12-08,1,2.6215,-0.006842832251083317,0.22562612682777383,HG1
232,2016-12-09,1,2.643,0.008167962591701603,0.23379408941947544,HG1
233,2016-12-12,1,2.6135,-0.011224316451312494,0.22256977296816294,HG1
234,2016-12-13,1,2.593,-0.007874812614312212,0.21469496035385072,HG1
235,2016-12-14,1,2.5995,0.0025036122851060574,0.21719857263895678,HG1
236,2016-12-15,1,2.595,-0.0017326022237812903,0.21546597041517548,HG1
237,2016-12-16,1,2.559,-0.013969959440200196,0.2014960109749753,HG1
238,2016-12-19,1,2.4935,-0.025929211173611664,0.17556679980136364,HG1
239,2016-12-20,1,2.4975,0.0016028855365313927,0.17716968533789504,HG1
240,2016-12-21,1,2.4915,-0.0024052928012494525,0.17476439253664558,HG1
241,2016-12-22,1,2.4925,0.0004012841145342637,0.17516567665117985,HG1
242,2016-12-23,1,2.4725,-0.00805643833912618,0.16710923831205368,HG1
243,2016-12-28,1,2.4935,0.008457561489309927,0.1755667998013636,HG1
244,2016-12-29,1,2.479,-0.005832092950986702,0.16973470685037692,HG1
245,2016-12-30,1,2.4975,0.0074349784875179905,0.1771696853378949,HG1
246,2017-01-03,1,2.4855,-0.004816384987981315,0.17235330034991359,HG1
247,2017-01-04,1,2.5525,0.026599424504093413,0.198952724854007,HG1
248,2017-01-05,1,2.5335,-0.0074715251228562474,0.19148119973115074,HG1
249,2017-01-06,1,2.5425,0.0035461030067504905,0.19502730273790123,HG1
250,2017-01-09,1,2.535,-0.0029542118974314087,0.1920730908404698,HG1
251,2017-01-10,1,2.609,0.02877336911144491,0.2208464599519147,HG1
252,2017-01-11,1,2.6065,-0.0009586809285678405,0.21988777902334686,HG1
253,2017-01-12,1,2.6665,0.022758425832496244,0.2426462048558431,HG1
254,2017-01-13,1,2.685,0.006913976902308121,0.24956018175815123,HG1
255,2017-01-17,1,2.6205,-0.024315588700744174,0.22524459305740704,HG1
256,2017-01-18,1,2.612,-0.003248927845899148,0.2219956652115079,HG1
257,2017-01-19,1,2.6055,-0.0024916160470523064,0.2195040491644556,HG1
258,2017-01-20,1,2.6205,0.005740543892951454,0.22524459305740704,HG1
259,2017-01-23,1,2.643,0.00854949636206828,0.23379408941947533,HG1
260,2017-01-24,1,2.704,0.022817522558565628,0.25661161197804094,HG1
261,2017-01-25,1,2.7055,0.0005545799199350493,0.257166191897976,HG1
262,2017-01-26,1,2.668,-0.013957610047275486,0.24320858185070052,HG1
263,2017-01-27,1,2.683,0.005606443390109576,0.2488150252408101,HG1
264,2017-01-30,1,2.6475,-0.01331977295006253,0.23549525229074755,HG1
265,2017-01-31,1,2.7215,0.027567400398693126,0.2630626526894407,HG1
266,2017-02-01,1,2.7115,-0.003681211593139326,0.25938144109630135,HG1
267,2017-02-02,1,2.6855,-0.009635056935601176,0.24974638416070016,HG1
268,2017-02-03,1,2.616,-0.026220496768424723,0.22352588739227544,HG1
269,2017-02-06,1,2.6515,0.013479084000095287,0.23700497139237073,HG1
270,2017-02-07,1,2.632,-0.0073815041319767755,0.22962346726039395,HG1
271,2017-02-08,1,2.6665,0.013022737595449058,0.242646204855843,HG1
272,2017-02-09,1,2.6535,-0.004887227772707158,0.23775897708313584,HG1
273,2017-02-10,1,2.768,0.04224551446961028,0.2800044915527461,HG1
274,2017-02-13,1,2.783,0.005404444788330602,0.28540893634107667,HG1
275,2017-02-14,1,2.737,-0.016667052485211647,0.268741883855865,HG1
276,2017-02-15,1,2.7405,0.0012779554454919874,0.270019839301357,HG1
277,2017-02-16,1,2.7185,-0.008060127900195646,0.2619597114011613,HG1
278,2017-02-17,1,2.707,-0.004239246971674264,0.25772046442948704,HG1
279,2017-02-21,1,2.7455,0.014122197104626075,0.27184266153411313,HG1
280,2017-02-22,1,2.733,-0.004563300790859181,0.2672793607432539,HG1
281,2017-02-23,1,2.6435,-0.033296110252563196,0.23398325049069074,HG1
282,2017-02-24,1,2.68,0.013712997829397475,0.2476962483200882,HG1
283,2017-02-27,1,2.6875,0.002794598931015925,0.25049084725110415,HG1
284,2017-02-28,1,2.704,0.006120764726936529,0.25661161197804067,HG1
285,2017-03-01,1,2.7305,0.009752584429353651,0.26636419640739434,HG1
286,2017-03-02,1,2.684,-0.01717652350063599,0.24918767290675836,HG1
287,2017-03-03,1,2.6905,0.0024188308379019742,0.2516065037446603,HG1
288,2017-03-06,1,2.647,-0.016300126702373227,0.23530637704228707,HG1
289,2017-03-07,1,2.613,-0.012927936706488702,0.22237844033579837,HG1
290,2017-03-08,1,2.5955,-0.0067198102533287726,0.2156586300824696,HG1
291,2017-03-09,1,2.575,-0.007929642169447049,0.20772898791302255,HG1
292,2017-03-10,1,2.5905,0.006001373157006514,0.21373036107002907,HG1
293,2017-03-13,1,2.6215,0.011895765757744588,0.22562612682777367,HG1
294,2017-03-14,1,2.63,0.0032371731592225786,0.22886329998699625,HG1
295,2017-03-15,1,2.6515,0.008141671405374468,0.23700497139237073,HG1
296,2017-03-16,1,2.6715,0.00751459482064146,0.24451956621301218,HG1
297,2017-03-17,1,2.685,0.005040615545139014,0.2495601817581512,HG1
298,2017-03-20,1,2.6605,-0.009166652906541149,0.24039352885161006,HG1
299,2017-03-21,1,2.6125,-0.01820645776335755,0.2221870710882525,HG1
300,2017-03-22,1,2.6245,0.0045827844192880265,0.22676985550754053,HG1
301,2017-03-23,1,2.6385,0.005320172153368256,0.23209002766090878,HG1
302,2017-03-24,1,2.625,-0.005129677819998501,0.22696034984091026,HG1
303,2017-03-27,1,2.6255,0.0001904580521899651,0.22715080789310022,HG1
304,2017-03-28,1,2.6695,0.016619834862326842,0.24377064275542706,HG1
305,2017-03-30,1,2.665,-0.001687131340296107,0.24208351141513096,HG1
306,2017-03-31,1,2.6465,-0.006966045301902711,0.23511746611322826,HG1
307,2017-04-03,1,2.6035,-0.01638131869508849,0.21873614741813976,HG1
308,2017-04-04,1,2.612,0.003259517793367961,0.22199566521150774,HG1
309,2017-04-05,1,2.68,0.025700583108580703,0.24769624832008844,HG1
310,2017-04-06,1,2.658,-0.008242834231711781,0.23945341408837664,HG1
311,2017-04-07,1,2.647,-0.00414703704608942,0.2353063770422872,HG1
312,2017-04-10,1,2.604,-0.01637819889864126,0.21892817814364596,HG1
313,2017-04-11,1,2.608,0.0015349197180837407,0.22046309786172968,HG1
314,2017-04-12,1,2.545,-0.024452994061920568,0.19601010379980913,HG1
315,2017-04-13,1,2.5705,0.00996978251093635,0.20597988631074549,HG1
316,2017-04-18,1,2.529,-0.016276464825594267,0.1897034214851512,HG1
317,2017-04-19,1,2.5345,0.0021724112424389877,0.1918758327275902,HG1
318,2017-04-20,1,2.542,0.0029547938369951527,0.19483062656458536,HG1
319,2017-04-21,1,2.5375,-0.0017718283993565314,0.19305879816522883,HG1
320,2017-04-24,1,2.5525,0.005893926688777798,0.19895272485400664,HG1
321,2017-04-25,1,2.5785,0.010134563452192907,0.20908728830619955,HG1
322,2017-04-26,1,2.5885,0.0038707228509422217,0.21295801115714177,HG1
323,2017-04-27,1,2.58,-0.0032891584262928287,0.20966885273084895,HG1
324,2017-04-28,1,2.5965,0.006374985368710494,0.21604383809955946,HG1
325,2017-05-02,1,2.631,0.013199617755919131,0.2292434558554786,HG1
326,2017-05-03,1,2.539,-0.035593699335614126,0.19364975651986446,HG1
327,2017-05-04,1,2.5075,-0.012484061868587951,0.18116569465127652,HG1
328,2017-05-05,1,2.5245,0.006756782462879907,0.18792247711415644,HG1
329,2017-05-08,1,2.4895,-0.013961136216733007,0.17396134089742343,HG1
330,2017-05-09,1,2.494,0.00180596015774431,0.17576730105516775,HG1
331,2017-05-10,1,2.4905,-0.0014043537266437702,0.17436294732852398,HG1
332,2017-05-11,1,2.504,0.005405959706650992,0.17976890703517498,HG1
333,2017-05-12,1,2.52,0.0063694482854799285,0.1861383553206549,HG1
334,2017-05-15,1,2.535,0.0059347355198145265,0.19207309084046942,HG1
335,2017-05-16,1,2.5465,0.004526230299375772,0.19659932113984518,HG1
336,2017-05-17,1,2.5425,-0.001572018401944261,0.19502730273790092,HG1
337,2017-05-18,1,2.5265,-0.006312903190751709,0.18871439954714922,HG1
338,2017-05-19,1,2.5755,0.019208744273676574,0.2079231438208258,HG1
339,2017-05-22,1,2.59,0.005614185687943607,0.2135373295087694,HG1
340,2017-05-23,1,2.5905,0.0001930315612596273,0.21373036107002905,HG1
341,2017-05-24,1,2.578,-0.004837002755710377,0.20889335831431866,HG1
342,2017-05-25,1,2.592,0.005415873973032638,0.2143092322873513,HG1
343,2017-05-26,1,2.561,-0.012031971272640152,0.20227726101471113,HG1
344,2017-05-30,1,2.561,0.0,0.20227726101471113,HG1
345,2017-05-31,1,2.577,0.0062281244528398045,0.20850538546755093,HG1
346,2017-06-01,1,2.5875,0.004066226921259354,0.21257161238881028,HG1
347,2017-06-02,1,2.5745,-0.005036818087428369,0.20753479430138191,HG1
348,2017-06-05,1,2.5575,-0.006625121660414491,0.20090967264096743,HG1
349,2017-06-06,1,2.547,-0.004114022846324469,0.19679564979464295,HG1
350,2017-06-07,1,2.5515,0.0017652255245689274,0.19856087531921188,HG1
351,2017-06-08,1,2.6095,0.022477210579441947,0.2210380858986538,HG1
352,2017-06-09,1,2.6495,0.015212310849348919,0.23625039674800274,HG1
353,2017-06-12,1,2.6155,-0.012915659122151145,0.2233347376258516,HG1
354,2017-06-13,1,2.5965,-0.00729089952629217,0.21604383809955943,HG1
355,2017-06-14,1,2.5735,-0.00889754419156433,0.2071462939079951,HG1
356,2017-06-15,1,2.5655,-0.0031134487107897404,0.20403284519720535,HG1
357,2017-06-16,1,2.564,-0.0005848523414588132,0.20344799285574655,HG1
358,2017-06-19,1,2.5895,0.009896267823385605,0.21334426067913215,HG1
359,2017-06-20,1,2.5545,-0.013608297093093573,0.19973596358603857,HG1
360,2017-06-21,1,2.602,0.01842387030159797,0.21815983388763655,HG1
361,2017-06-22,1,2.599,-0.0011536244309601539,0.2170062094566764,HG1
362,2017-06-23,1,2.624,0.009573115422489292,0.22657932487916568,HG1
363,2017-06-26,1,2.6255,0.0005714830139342433,0.22715080789309994,HG1
364,2017-06-27,1,2.647,0.008155569149187194,0.23530637704228713,HG1
365,2017-06-28,1,2.6605,0.00508715180932273,0.24039352885160986,HG1
366,2017-06-29,1,2.683,0.008421496389200034,0.2488150252408099,HG1
367,2017-06-30,1,2.699,0.005945762592380577,0.25476078783319045,HG1
368,2017-07-03,1,2.6865,-0.004642102849128396,0.25011868498406203,HG1
369,2017-07-05,1,2.654,-0.012171295276723365,0.23794738970733867,HG1
370,2017-07-06,1,2.6555,0.000565024970300958,0.23851241467763962,HG1
371,2017-07-07,1,2.6415,-0.005286023258083223,0.2332263914195564,HG1
372,2017-07-10,1,2.6425,0.0003785011400220297,0.23360489255957842,HG1
373,2017-07-11,1,2.667,0.009228806437621485,0.2428336989971999,HG1
374,2017-07-12,1,2.6795,0.0046759647528907215,0.24750966375009062,HG1
375,2017-07-13,1,2.657,-0.008432543175091433,0.2390771205749992,HG1
376,2017-07-14,1,2.6865,0.011041564409062694,0.25011868498406187,HG1
377,2017-07-17,1,2.7195,0.01220880869413916,0.262327493678201,HG1
378,2017-07-18,1,2.7255,0.002203857641320031,0.26453135131952105,HG1
379,2017-07-19,1,2.706,-0.007180367773602184,0.25735098354591884,HG1
380,2017-07-20,1,2.7115,0.0020304575503819213,0.2593814410963008,HG1
381,2017-07-21,1,2.718,0.00239432842997362,0.2617757695262744,HG1
382,2017-07-24,1,2.7315,0.004954593124683395,0.2667303626509578,HG1
383,2017-07-25,1,2.8425,0.03983303778891867,0.30656340043987645,HG1
384,2017-07-26,1,2.8695,0.00945385192372611,0.31601725236360256,HG1
385,2017-07-27,1,2.874,0.0015669890905530269,0.3175842414541556,HG1
386,2017-07-28,1,2.8705,-0.0012185570312788006,0.31636568442287677,HG1
387,2017-07-31,1,2.888,0.006077990405025457,0.3224436748279022,HG1
388,2017-08-01,1,2.881,-0.0024267649281883696,0.3200169098997138,HG1
389,2017-08-02,1,2.8845,0.0012141186124157083,0.32123102851212954,HG1
390,2017-08-03,1,2.878,-0.0022559662496309738,0.31897506226249855,HG1
391,2017-08-04,1,2.885,0.0024292914948867727,0.32140435375738535,HG1
392,2017-08-07,1,2.907,0.007596721616676011,0.32900107537406137,HG1
393,2017-08-08,1,2.9425,0.012137938575555828,0.3411390139496172,HG1
394,2017-08-09,1,2.927,-0.005281552442545855,0.33585746150707135,HG1
395,2017-08-10,1,2.903,-0.008233322667255976,0.3276241388398154,HG1
396,2017-08-11,1,2.912,0.003095445291946551,0.33071958413176195,HG1
397,2017-08-14,1,2.9045,-0.002578871883989331,0.32814071224777264,HG1
398,2017-08-15,1,2.883,-0.00742983979418505,0.3207108724535876,HG1
399,2017-08-16,1,2.9535,0.024159489108887648,0.34487036156247525,HG1
400,2017-08-17,1,2.938,-0.005261830013467206,0.33960853154900805,HG1
401,2017-08-18,1,2.9395,0.0005104211084869084,0.340118952657495,HG1
402,2017-08-21,1,2.9805,0.01385157281767181,0.3539705254751668,HG1
403,2017-08-22,1,2.987,0.0021784675561285806,0.3561489930312954,HG1
404,2017-08-23,1,2.9805,-0.0021784675561285246,0.35397052547516683,HG1
405,2017-08-24,1,3.034,0.017790809248496263,0.3717613347236631,HG1
406,2017-08-25,1,3.0335,-0.00016481252612492446,0.37159652219753814,HG1
407,2017-08-29,1,3.081,0.015537151214315339,0.38713367341185345,HG1
408,2017-08-30,1,3.0645,-0.0053697956708815275,0.3817638777409719,HG1
409,2017-08-31,1,3.079,0.004720444998714069,0.38648432273968597,HG1
410,2017-09-01,1,3.107,0.009052761468546973,0.39553708420823297,HG1
411,2017-09-05,1,3.117,0.00321337037428963,0.3987504545825226,HG1
412,2017-09-06,1,3.1405,0.007511022127098211,0.4062614767096208,HG1
413,2017-09-07,1,3.132,-0.002710244783741699,0.4035512319258791,HG1
414,2017-09-08,1,3.0295,-0.03327418872564994,0.37027704320022914,HG1
415,2017-09-11,1,3.054,0.008054617393533846,0.378331660593763,HG1
416,2017-09-12,1,3.023,-0.010202490999119566,0.3681291695946434,HG1
417,2017-09-13,1,2.9685,-0.018192941068727885,0.34993622852591555,HG1
418,2017-09-14,1,2.9445,-0.008117751326104676,0.3418184771998109,HG1
419,2017-09-15,1,2.936,-0.002890912650219262,0.33892756454959166,HG1
420,2017-09-18,1,2.956,0.006788892333686128,0.3457164568832778,HG1
421,2017-09-19,1,2.956,0.0,0.3457164568832778,HG1
422,2017-09-20,1,2.9545,-0.0005075712823630868,0.3452088856009147,HG1
423,2017-09-21,1,2.919,-0.012088339931614457,0.33312054566930027,HG1
424,2017-09-22,1,2.9295,0.00359066813072854,0.33671121380002883,HG1
425,2017-09-25,1,2.922,-0.002563446674198501,0.33414776712583033,HG1
426,2017-09-26,1,2.901,-0.00721280818924091,0.3269349589365894,HG1
427,2017-09-27,1,2.912,0.00378462519517265,0.33071958413176206,HG1
428,2017-09-28,1,2.9625,0.01719337612681014,0.3479129602585722,HG1
429,2017-09-29,1,2.9375,-0.008474626990972232,0.3394383332676,HG1
430,2017-10-02,1,2.9475,0.0033984739591115514,0.3428368072267115,HG1
431,2017-10-03,1,2.956,0.002879649656566482,0.345716456883278,HG1
432,2017-10-04,1,2.952,-0.0013540963477292579,0.34436236053554875,HG1
433,2017-10-05,1,3.039,0.02904560719643002,0.37340796773197876,HG1
434,2017-10-06,1,3.0215,-0.005775117115179867,0.3676328506167989,HG1
435,2017-10-09,1,3.024,0.0008270614978104683,0.3684599121146094,HG1
436,2017-10-10,1,3.053,0.00954425543545412,0.3780041675500635,HG1
437,2017-10-11,1,3.0875,0.0112369882013547,0.3892411557514182,HG1
438,2017-10-12,1,3.1115,0.007743223073039931,0.39698437882445814,HG1
439,2017-10-13,1,3.1255,0.0044893453625945556,0.4014737241870527,HG1
440,2017-10-16,1,3.231,0.0331974164526312,0.4346711406396839,HG1
441,2017-10-17,1,3.1875,-0.013554776357816614,0.4211163642818673,HG1
442,2017-10-18,1,3.1695,-0.005663063742460431,0.4154533005394068,HG1
443,2017-10-19,1,3.159,-0.0033183249221360334,0.4121349756172708,HG1
444,2017-10-20,1,3.1565,-0.0007917029944048962,0.4113432726228659,HG1
445,2017-10-23,1,3.179,0.007102863103122381,0.41844613572598827,HG1
446,2017-10-24,1,3.1895,0.0032974827712072934,0.42174361849719555,HG1
447,2017-10-25,1,3.1745,-0.00471402507150533,0.41702959342569024,HG1
448,2017-10-26,1,3.169,-0.0017340589195838424,0.4152955345061064,HG1
449,2017-10-27,1,3.095,-0.023628174572224225,0.3916673599338822,HG1
450,2017-10-30,1,3.102,0.0022591586177876555,0.3939265185516698,HG1
451,2017-10-31,1,3.092,-0.003228934029171475,0.39069758452249836,HG1
452,2017-11-01,1,3.1425,0.016200530757090013,0.40689811527958836,HG1
453,2017-11-02,1,3.1435,0.0003181673587132084,0.40721628263830156,HG1
454,2017-11-03,1,3.1175,-0.008305430268924162,0.3989108523693774,HG1
455,2017-11-06,1,3.1575,0.012749176670454658,0.41166002903983206,HG1
456,2017-11-07,1,3.089,-0.02193316130606451,0.3897268677337676,HG1
457,2017-11-08,1,3.0995,0.003393394223392352,0.39312026195715993,HG1
458,2017-11-09,1,3.086,-0.004365054218867923,0.38875520773829203,HG1
459,2017-11-10,1,3.076,-0.003245702297571485,0.38550950544072055,HG1
460,2017-11-13,1,3.1165,0.01308052562337059,0.39859003106409113,HG1
461,2017-11-14,1,3.065,-0.016663007878593428,0.3819270231854977,HG1
462,2017-11-15,1,3.0545,-0.0034316562804900747,0.3784953669050076,HG1
463,2017-11-16,1,3.048,-0.0021302752832847126,0.37636509162172294,HG1
464,2017-11-17,1,3.067,0.006214247307714777,0.38257933892943774,HG1
465,2017-11-20,1,3.093,0.008441608570818031,0.3910209475002558,HG1
466,2017-11-21,1,3.1285,0.011412162753348623,0.4024331102536044,HG1
467,2017-11-22,1,3.137,0.002713272752259988,0.40514638300586436,HG1
468,2017-11-24,1,3.169,0.0101491515002426,0.41529553450610696,HG1
469,2017-11-27,1,3.1345,-0.010946408976897479,0.4043491255292095,HG1
470,2017-11-28,1,3.0715,-0.020303630110041212,0.38404549541916827,HG1
471,2017-11-29,1,3.04,-0.01030852620371465,0.37373696921545363,HG1
472,2017-11-30,1,3.037,-0.0009873293545186869,0.37274963986093496,HG1
473,2017-12-01,1,3.0745,0.012272100347775561,0.3850217402087105,HG1
474,2017-12-04,1,3.072,-0.0008134711259615837,0.3842082690827489,HG1
475,2017-12-05,1,2.9285,-0.047838468737725855,0.33636980034502306,HG1
476,2017-12-06,1,2.9445,0.005448676854788507,0.34181847719981157,HG1
477,2017-12-07,1,2.9475,0.0010183300269003288,0.3428368072267119,HG1
478,2017-12-08,1,2.9615,0.004738543305493909,0.3475753505322058,HG1
479,2017-12-11,1,2.9945,0.011081375987497248,0.35865672651970304,HG1
480,2017-12-12,1,3.006,0.003833018608402729,0.3624897451281058,HG1
481,2017-12-13,1,3.0355,0.009765864257569031,0.3722556093856748,HG1
482,2017-12-14,1,3.0545,0.006239757519332978,0.3784953669050078,HG1
483,2017-12-15,1,3.116,0.01993421490081733,0.3984295818058251,HG1
484,2017-12-18,1,3.128,0.003843694674562715,0.4022732764803878,HG1
485,2017-12-19,1,3.1335,0.0017567679995283952,0.4040300444799162,HG1
486,2017-12-20,1,3.1775,0.013944133398878974,0.41797417787879515,HG1
487,2017-12-21,1,3.1995,0.006899823515905756,0.4248740013947009,HG1
488,2017-12-22,1,3.2195,0.006231520398723273,0.43110552179342415,HG1
489,2017-12-27,1,3.2625,0.013267704652710753,0.4443732264461349,HG1
490,2017-12-28,1,3.286,0.007177246966264442,0.45155047341239934,HG1
491,2017-12-29,1,3.2795,-0.0019800478634231394,0.4495704255489762,HG1
492,2018-01-02,1,3.267,-0.0038188391327201162,0.44575158641625606,HG1
493,2018-01-03,1,3.2465,-0.006294639652528665,0.4394569467637274,HG1
494,2018-01-04,1,3.252,0.0016926987191596267,0.441149645482887,HG1
495,2018-01-05,1,3.218,-0.01051014311537266,0.4306395023675143,HG1
496,2018-01-08,1,3.212,-0.0018662524856761494,0.4287732498818382,HG1
497,2018-01-09,1,3.204,-0.002493766878402462,0.4262794830034357,HG1
498,2018-01-10,1,3.224,0.006222795438269086,0.4325022784417048,HG1
499,2018-01-11,1,3.221,-0.0009309542953201348,0.43157132414638466,HG1
500,2018-01-12,1,3.2065,-0.0045118707422812454,0.4270594534041034,HG1
501,2018-01-16,1,3.206,-0.00015594541941938288,0.426903507984684,HG1
502,2018-01-17,1,3.176,-0.009401510802471863,0.41750199718221215,HG1
503,2018-01-18,1,3.186,0.0031436681029675356,0.42064566528517966,HG1
504,2018-01-19,1,3.1745,-0.003616071859489218,0.41702959342569046,HG1
505,2018-01-22,1,3.1855,0.003459122946038262,0.42048871637172874,HG1
506,2018-01-23,1,3.098,-0.027852520579729048,0.3926361957919997,HG1
507,2018-01-24,1,3.215,0.037070615694905724,0.4297068114869054,HG1
508,2018-01-25,1,3.203,-0.0037394870625616643,0.42596732442434376,HG1
509,2018-01-26,1,3.1855,-0.005478608052615137,0.42048871637172863,HG1
510,2018-01-29,1,3.181,-0.0014136498073988551,0.4190750665643298,HG1
511,2018-01-30,1,3.177,-0.0012582574796279817,0.4178168090847018,HG1
512,2018-01-31,1,3.184,0.0022009126947574354,0.42001772177945923,HG1
513,2018-02-01,1,3.209,0.007821094145583319,0.4278388159250425,HG1
514,2018-02-02,1,3.1875,-0.006722451643175303,0.4211163642818672,HG1
515,2018-02-05,1,3.221,0.01045495986451736,0.43157132414638455,HG1
516,2018-02-06,1,3.189,-0.009984482321141193,0.42158684182524336,HG1
517,2018-02-07,1,3.0875,-0.03234568607382507,0.38924115575141827,HG1
518,2018-02-08,1,3.082,-0.0017829650561715883,0.3874581906952467,HG1
519,2018-02-09,1,3.0335,-0.015861668497708505,0.3715965221975382,HG1
520,2018-02-12,1,3.0865,0.017320694451597944,0.38891721664913614,HG1
521,2018-02-13,1,3.1625,0.02432509120182522,0.4132423078509614,HG1
522,2018-02-14,1,3.236,0.022975145142606675,0.43621745299356807,HG1
523,2018-02-15,1,3.2455,0.002931422295140933,0.439148875288709,HG1
524,2018-02-16,1,3.2485,0.0009239298470623496,0.44007280513577135,HG1
525,2018-02-20,1,3.1905,-0.018015707012184006,0.4220570981235873,HG1
526,2018-02-21,1,3.216,0.007960706990455403,0.43001780511404275,HG1
527,2018-02-22,1,3.2415,0.007897834316193177,0.4379156394302359,HG1
528,2018-02-23,1,3.2125,-0.008986735411575082,0.42892890401866085,HG1
529,2018-02-26,1,3.1975,-0.0046801957504774665,0.4242487082681834,HG1
530,2018-02-27,1,3.1575,-0.012588679228351437,0.41166002903983195,HG1
531,2018-02-28,1,3.1075,-0.015962030839780126,0.3956979982000518,HG1
532,2018-03-01,1,3.1115,0.0012863806244064867,0.3969843788244583,HG1
533,2018-03-02,1,3.113,0.00048196643233570723,0.39746634525679403,HG1
534,2018-03-05,1,3.1165,0.0011236858072970804,0.39859003106409113,HG1
535,2018-03-06,1,3.1475,0.009897909669597065,0.4084879407336882,HG1
536,2018-03-07,1,3.1245,-0.007334216549365852,0.4011537241843224,HG1
537,2018-03-08,1,3.068,-0.018248386881989508,0.3829053373023329,HG1
538,2018-03-09,1,3.125,0.01840839968335507,0.40131373698568795,HG1
539,2018-03-12,1,3.113,-0.003847391728893659,0.3974663452567943,HG1
540,2018-03-13,1,3.126,0.00416734053981382,0.40163368579660813,HG1
541,2018-03-14,1,3.1465,0.006536491985566366,0.4081701777821745,HG1
542,2018-03-15,1,3.115,-0.010061571745434745,0.39810860603673975,HG1
543,2018-03-16,1,3.0955,-0.006279708262266815,0.39182889777447294,HG1
544,2018-03-19,1,3.0705,-0.008109029189832896,0.38371986858464,HG1
545,2018-03-20,1,3.0265,-0.014433578437711946,0.3692862901469281,HG1
546,2018-03-21,1,3.048,0.007078801474794955,0.37636509162172305,HG1
547,2018-03-22,1,3.01,-0.012545559063615533,0.3638195325581075,HG1
548,2018-03-23,1,2.9845,-0.008507850134216689,0.35531168242389083,HG1
549,2018-03-26,1,2.9605,-0.008074055636873747,0.3472376267870171,HG1
550,2018-03-27,1,2.992,0.010583887122537052,0.35782151390955413,HG1
551,2018-03-28,1,2.994,0.0006682258852058622,0.35848973979476,HG1
552,2018-03-29,1,3.019,0.008315364727265163,0.3668051045220252,HG1
553,2018-04-03,1,3.0635,0.014632402458870375,0.38143750698089557,HG1
554,2018-04-04,1,3.0105,-0.017451875261206735,0.36398563171968884,HG1
555,2018-04-05,1,3.0745,0.021036108489021873,0.3850217402087107,HG1
556,2018-04-06,1,3.0585,-0.00521768671090481,0.3798040534978059,HG1
557,2018-04-09,1,3.077,0.006030496639422228,0.3858345501372281,HG1
558,2018-04-10,1,3.137,0.019311832868636414,0.40514638300586453,HG1
559,2018-04-11,1,3.117,-0.006395928423341039,0.3987504545825235,HG1
560,2018-04-12,1,3.0635,-0.017312947601627857,0.3814375069808956,HG1
561,2018-04-13,1,3.071,0.002445188275113271,0.3838826952560089,HG1
562,2018-04-16,1,3.0955,0.00794620251846437,0.3918288977744733,HG1
563,2018-04-17,1,3.0795,-0.005182197832188842,0.38664669994228446,HG1
564,2018-04-18,1,3.1585,0.025329985211657222,0.4119766851539417,HG1
565,2018-04-19,1,3.132,-0.008425453228061297,0.4035512319258804,HG1
566,2018-04-20,1,3.135,0.000957395956327247,0.40450862788220765,HG1
567,2018-04-23,1,3.1105,-0.007845689111946535,0.3966629387702611,HG1
568,2018-04-24,1,3.142,0.010076054860491977,0.40673899363075305,HG1
569,2018-04-25,1,3.1345,-0.002389868101543195,0.4043491255292099,HG1
570,2018-04-26,1,3.114,-0.006561598320079634,0.39778752720913024,HG1
571,2018-04-27,1,3.046,-0.02207881893883657,0.3757087082702937,HG1
572,2018-04-30,1,3.0525,0.0021316725297526595,0.37784038080004634,HG1
573,2018-05-01,1,3.027,-0.008388896963141133,0.3694514838369052,HG1
574,2018-05-02,1,3.059,0.010516035129184882,0.37996751896609005,HG1
575,2018-05-03,1,3.0705,0.003752349618550372,0.3837198685846404,HG1
576,2018-05-04,1,3.0755,0.0016270748789689587,0.38534694346360937,HG1
577,2018-05-08,1,3.049,-0.008653821660168126,0.3766931218034412,HG1
578,2018-05-09,1,3.0475,-0.0004920856328282325,0.376201036170613,HG1
579,2018-05-10,1,3.0995,0.016919225786547476,0.3931202619571605,HG1
580,2018-05-11,1,3.101,0.00048383195847497695,0.39360409391563544,HG1
581,2018-05-14,1,3.083,-0.005821491214298514,0.3877826027013369,HG1
582,2018-05-15,1,3.046,-0.012073894431043376,0.3757087082702935,HG1
583,2018-05-16,1,3.0605,0.004749046836017471,0.38045775510631097,HG1
584,2018-05-17,1,3.079,0.006026567633375792,0.38648432273968675,HG1
585,2018-05-18,1,3.0535,-0.00831639526131093,0.3781679274783758,HG1
586,2018-05-21,1,3.088,0.011235158481477341,0.3894030859598531,HG1
587,2018-05-22,1,3.1205,0.010469613229430817,0.3998726991892839,HG1
588,2018-05-23,1,3.061,-0.019251585428685113,0.3806211137605988,HG1
589,2018-05-24,1,3.0855,0.00797205881570905,0.3885931725763079,HG1
590,2018-05-25,1,3.067,-0.006013833646869952,0.3825793389294379,HG1
591,2018-05-29,1,3.052,-0.004902771709903922,0.37767656721953397,HG1
592,2018-05-30,1,3.0595,0.0024543904982475785,0.38013095771778155,HG1
593,2018-05-31,1,3.058,-0.0004903964135875696,0.379640561304194,HG1
594,2018-06-01,1,3.0985,0.013157015913154583,0.3927975772173486,HG1
595,2018-06-04,1,3.1345,0.011551548311861138,0.4043491255292097,HG1
596,2018-06-05,1,3.1985,0.020212278176169076,0.42456140370537876,HG1
597,2018-06-06,1,3.262,0.019658554290766867,0.4442199579961456,HG1
598,2018-06-07,1,3.275,0.003977364888392988,0.4481973228845386,HG1
599,2018-06-08,1,3.3,0.0076045993852192125,0.45580192226975785,HG1
600,2018-06-11,1,3.257,-0.013115942178338029,0.44268598009141985,HG1
601,2018-06-12,1,3.2495,-0.0023053879418299733,0.44038059214958986,HG1
602,2018-06-13,1,3.254,0.0013838704445795374,0.4417644625941694,HG1
603,2018-06-14,1,3.222,-0.009882724042063477,0.43188173855210593,HG1
604,2018-06-15,1,3.1445,-0.024347389753361655,0.4075343487987443,HG1
605,2018-06-18,1,3.1065,-0.012158204479809406,0.39537614431893486,HG1
606,2018-06-19,1,3.047,-0.019339190518039444,0.3760369538008954,HG1
607,2018-06-20,1,3.0405,-0.002135524425544636,0.37390142937535076,HG1
608,2018-06-21,1,3.0215,-0.006268578758551258,0.3676328506167995,HG1
609,2018-06-22,1,3.027,0.001818633220105532,0.36945148383690507,HG1
610,2018-06-25,1,2.987,-0.013302490805608832,0.3561489930312962,HG1
611,2018-06-26,1,2.992,0.001672520878258048,0.35782151390955425,HG1
612,2018-06-27,1,2.9845,-0.002509831485663252,0.355311682423891,HG1
613,2018-06-28,1,2.9535,-0.010441320861414671,0.3448703615624763,HG1
614,2018-06-29,1,2.951,-0.0008468118043504446,0.3440235497581259,HG1
615,2018-07-02,1,2.9375,-0.004585216490525028,0.33943833326760087,HG1
616,2018-07-03,1,2.9105,-0.009233991740624293,0.3302043415269766,HG1
617,2018-07-05,1,2.8195,-0.0317653234645533,0.2984390180624233,HG1
618,2018-07-06,1,2.8175,-0.0007095973333055349,0.29772942072911773,HG1
619,2018-07-09,1,2.8435,0.009185720832923024,0.30691514156204075,HG1
620,2018-07-10,1,2.833,-0.0036994669163377446,0.303215674645703,HG1
621,2018-07-11,1,2.738,-0.03410849398212239,0.2691071806635806,HG1
622,2018-07-12,1,2.773,0.012702039767383948,0.2818092204309645,HG1
623,2018-07-13,1,2.773,0.0,0.2818092204309645,HG1
624,2018-07-16,1,2.761,-0.004336833685623572,0.2774723867453409,HG1
625,2018-07-17,1,2.7435,-0.006358455431124346,0.27111393131421657,HG1
626,2018-07-18,1,2.756,0.004545875634518915,0.2756598069487355,HG1
627,2018-07-19,1,2.6915,-0.02368169413253719,0.2519781128161983,HG1
628,2018-07-20,1,2.7505,0.021684054314500902,0.2736621671306992,HG1
629,2018-07-23,1,2.74,-0.0038247929333968807,0.2698373741973023,HG1
630,2018-07-24,1,2.8025,0.022553955564198973,0.2923913297615013,HG1
631,2018-07-25,1,2.809,0.0023166721579287257,0.29470800191943003,HG1
632,2018-07-26,1,2.8075,-0.0005341404916454183,0.2941738614277846,HG1
633,2018-07-27,1,2.7895,-0.006432039327015303,0.2877418221007693,HG1
634,2018-07-30,1,2.779,-0.0037712175430792915,0.28397060455769,HG1
635,2018-07-31,1,2.819,0.014291061371608745,0.29826166592929876,HG1
636,2018-08-01,1,2.7475,-0.02569080483633607,0.2725708610929627,HG1
637,2018-08-02,1,2.7375,-0.0036463121530201986,0.2689245489399425,HG1
638,2018-08-03,1,2.7635,0.009452897148561462,0.27837744608850395,HG1
639,2018-08-06,1,2.7315,-0.011647083437545325,0.2667303626509586,HG1
640,2018-08-07,1,2.752,0.007477011217461866,0.2742073738684205,HG1
641,2018-08-08,1,2.751,-0.00036343812865965666,0.27384393573976085,HG1
642,2018-08-09,1,2.7655,0.005256968510158101,0.27910090424991896,HG1
643,2018-08-10,1,2.7425,-0.00835153728534729,0.2707493669645717,HG1
644,2018-08-13,1,2.731,-0.0042020706756803776,0.2665472962888913,HG1
645,2018-08-14,1,2.682,-0.01810505763208117,0.24844223865681012,HG1
646,2018-08-15,1,2.56,-0.04655552636801566,0.20188671228879446,HG1
647,2018-08-16,1,2.6165,0.021830288338654257,0.2237170006274487,HG1
648,2018-08-17,1,2.629,0.004765998917618786,0.22848299954506748,HG1
649,2018-08-20,1,2.6685,0.014912971044118158,0.24339597058918563,HG1
650,2018-08-21,1,2.6955,0.01006719911772394,0.2534631697069096,HG1
651,2018-08-22,1,2.6735,-0.008195240502937146,0.24526792920397242,HG1
652,2018-08-23,1,2.6545,-0.0071321623650600855,0.23813576683891233,HG1
653,2018-08-24,1,2.7005,0.017180628009219562,0.2553163948481319,HG1
654,2018-08-28,1,2.736,0.013060058709495464,0.26837645355762735,HG1
655,2018-08-29,1,2.71,-0.009548364868694545,0.2588280886889328,HG1
656,2018-08-30,1,2.6905,-0.007221584944272206,0.2516065037446606,HG1
657,2018-08-31,1,2.649,-0.01554483965740462,0.23606166408725598,HG1
658,2018-09-04,1,2.59,-0.022524334578486377,0.2135373295087696,HG1
659,2018-09-05,1,2.598,0.0030840425369613195,0.21662137204573093,HG1
660,2018-09-06,1,2.6235,0.00976738589622166,0.2263887579419526,HG1
661,2018-09-07,1,2.609,-0.0055422979900380046,0.2208464599519146,HG1
662,2018-09-10,1,2.6145,0.00210586849145685,0.22295232844337146,HG1
663,2018-09-11,1,2.6075,-0.002680966753257824,0.22027136169011363,HG1
664,2018-09-12,1,2.6605,0.020122167161496427,0.24039352885161006,HG1
665,2018-09-13,1,2.667,0.0024401701455903464,0.2428336989972004,HG1
666,2018-09-14,1,2.6295,-0.0141605311526153,0.22867316784458508,HG1
667,2018-09-17,1,2.635,0.002089467946063767,0.23076263579064885,HG1
668,2018-09-18,1,2.714,0.02954037941935179,0.26030301521000065,HG1
669,2018-09-19,1,2.712,-0.0007371913345282075,0.25956582387547245,HG1
670,2018-09-20,1,2.7225,0.00386420574682934,0.2634300296223018,HG1
671,2018-09-21,1,2.837,0.0411965800017358,0.3046266096240376,HG1
672,2018-09-24,1,2.8165,-0.0072521764740827825,0.2973744331499548,HG1
673,2018-09-25,1,2.804,-0.0044480101802880445,0.29292642296966676,HG1
674,2018-09-26,1,2.8085,0.0016035638180067187,0.29452998678767345,HG1
675,2018-09-27,1,2.7645,-0.015790746194499765,0.2787392405931737,HG1
676,2018-09-28,1,2.787,0.008105961703960482,0.28684520229713417,HG1
677,2018-10-01,1,2.78,-0.0025148207972655093,0.28433038149986867,HG1
678,2018-10-02,1,2.8005,0.007347044965204354,0.291677426465073,HG1
679,2018-10-03,1,2.828,0.009771775366576306,0.3014492018316493,HG1
680,2018-10-04,1,2.771,-0.02036148215348496,0.28108771967816437,HG1
681,2018-10-05,1,2.756,-0.005427912729429279,0.2756598069487351,HG1
682,2018-10-08,1,2.7605,0.0016314695905501541,0.27729127653928526,HG1
683,2018-10-09,1,2.8,0.014207594439195913,0.29149887097848115,HG1
684,2018-10-10,1,2.7735,-0.009509356668006052,0.2819895143104751,HG1
685,2018-10-11,1,2.7975,0.008616100690790971,0.2906056150012661,HG1
686,2018-10-12,1,2.7955,-0.0007151797193801952,0.2898904352818859,HG1
687,2018-10-15,1,2.784,-0.00412223901238983,0.28576819626949607,HG1
688,2018-10-16,1,2.7745,-0.003418191688354146,0.2823500045811419,HG1
689,2018-10-17,1,2.7725,-0.0007211105414338605,0.28162889403970803,HG1
690,2018-10-18,1,2.742,-0.0110618591022624,0.2705670349374456,HG1
691,2018-10-19,1,2.7735,0.011422479373029577,0.2819895143104752,HG1
692,2018-10-22,1,2.7785,0.0018011532246869338,0.28379066753516213,HG1
693,2018-10-23,1,2.75,-0.010310302059359075,0.27348036547580307,HG1
694,2018-10-24,1,2.7495,-0.00018183471274768213,0.2732985307630554,HG1
695,2018-10-25,1,2.7485,-0.00036376864715425444,0.2729347621159011,HG1
696,2018-10-26,1,2.739,-0.0034624180376368816,0.26947234407826426,HG1
697,2018-10-29,1,2.7395,0.00018253171539230065,0.26965487579365655,HG1
698,2018-10-30,1,2.663,-0.02832211516453823,0.24133276062911832,HG1
699,2018-10-31,1,2.6635,0.00018774054312160562,0.24152050117223992,HG1
700,2018-11-01,1,2.7215,0.02154215151720078,0.2630626526894407,HG1
701,2018-11-02,1,2.807,0.03093309848762778,0.29399575117706844,HG1
702,2018-11-05,1,2.756,-0.018335944228333345,0.2756598069487351,HG1
703,2018-11-06,1,2.7325,-0.0085634120828555,0.2670963948658796,HG1
704,2018-11-07,1,2.7545,0.00801899686207768,0.2751153917279573,HG1
705,2018-11-08,1,2.736,-0.006738938170330108,0.2683764535576272,HG1
706,2018-11-09,1,2.6845,-0.01900250887981699,0.24937394467781018,HG1
707,2018-11-12,1,2.6765,-0.0029845200291882036,0.24638942464862199,HG1
708,2018-11-13,1,2.687,0.0039153587820553405,0.2503047834306773,HG1
709,2018-11-14,1,2.71,0.008523305258255488,0.2588280886889328,HG1
710,2018-11-15,1,2.7465,0.013378738908928494,0.2722068275978613,HG1
711,2018-11-16,1,2.7985,0.018756185548739177,0.2909630131466005,HG1
712,2018-11-19,1,2.799,0.00017865118403918677,0.2911416643306397,HG1
713,2018-11-20,1,2.7665,-0.011679227177288946,0.2794624371533508,HG1
714,2018-11-21,1,2.7945,0.010070216371588385,0.2895326535249392,HG1
715,2018-11-23,1,2.7665,-0.010070216371588404,0.2794624371533508,HG1
716,2018-11-26,1,2.7555,-0.003984069014874459,0.2754783681384763,HG1
717,2018-11-27,1,2.7075,-0.017573214448144393,0.2579051536903319,HG1
718,2018-11-28,1,2.7955,0.03198528159155441,0.2898904352818863,HG1
719,2018-11-29,1,2.778,-0.00627973715241096,0.2836106981294753,HG1
720,2018-11-30,1,2.7775,-0.0001800018005040621,0.2834306963289713,HG1
721,2018-12-03,1,2.806,0.010208739148621297,0.2936394354775926,HG1
722,2018-12-04,1,2.755,-0.01834253907539143,0.2752968964022012,HG1
723,2018-12-06,1,2.7425,-0.004547529437629407,0.27074936696457175,HG1
724,2018-12-07,1,2.758,0.0056358662038616695,0.27638523316843344,HG1
725,2018-12-10,1,2.7205,-0.013690092427267127,0.2626951407411663,HG1
726,2018-12-11,1,2.768,0.017309350811580075,0.28000449155274637,HG1
727,2018-12-12,1,2.7705,0.0009027715698443819,0.28090726312259073,HG1
728,2018-12-13,1,2.7645,-0.00216802252941679,0.27873924059317395,HG1
729,2018-12-14,1,2.7605,-0.0014479640538883837,0.2772912765392856,HG1
730,2018-12-17,1,2.752,-0.003083902670865132,0.2742073738684205,HG1
731,2018-12-18,1,2.665,-0.03212386245328928,0.2420835114151312,HG1
732,2018-12-19,1,2.7195,0.020243982263070455,0.2623274936782017,HG1
733,2018-12-20,1,2.698,-0.007937282095314316,0.2543902115828874,HG1
734,2018-12-21,1,2.6735,-0.009122282378914793,0.24526792920397258,HG1
735,2018-12-24,1,2.663,-0.003935168574854222,0.24133276062911838,HG1
736,2018-12-27,1,2.6675,0.0016883973619762395,0.2430211579910946,HG1
737,2018-12-28,1,2.679,0.004301886368700312,0.24732304435979494,HG1
738,2018-12-31,1,2.628,-0.01922048994010754,0.2281025544196874,HG1
739,2019-01-02,1,2.625,-0.001142204578777052,0.22696034984091035,HG1
740,2019-01-03,1,2.569,-0.021564177915840525,0.20539617192506981,HG1
741,2019-01-04,1,2.6485,0.030476723874697735,0.23587289579976756,HG1
742,2019-01-07,1,2.6375,-0.004161943200259285,0.23171095259950827,HG1
743,2019-01-08,1,2.6555,0.006801462078131936,0.2385124146776402,HG1
744,2019-01-09,1,2.657,0.0005647058973597352,0.23907712057499994,HG1
745,2019-01-10,1,2.6385,-0.006987092914090911,0.23209002766090903,HG1
746,2019-01-11,1,2.663,0.009242732968209676,0.2413327606291187,HG1
747,2019-01-14,1,2.6365,-0.010001026843407765,0.23133173378571095,HG1
748,2019-01-15,1,2.638,0.0005687743067355186,0.23190050809244647,HG1
749,2019-01-16,1,2.676,0.01430208797085918,0.24620259606330566,HG1
750,2019-01-17,1,2.6825,0.002426053256734484,0.24862864932004014,HG1
751,2019-01-18,1,2.722,0.014617708706557831,0.26324635802659796,HG1
752,2019-01-22,1,2.6615,-0.022477030598599214,0.24076932742799875,HG1
753,2019-01-23,1,2.6585,-0.0011278196684189612,0.2396415077595798,HG1
754,2019-01-24,1,2.6475,-0.004146255468831642,0.23549525229074814,HG1
755,2019-01-25,1,2.7305,0.030868944116647028,0.26636419640739517,HG1
756,2019-01-28,1,2.681,-0.018294883356249077,0.2480693130511461,HG1
757,2019-01-29,1,2.726,0.0166454740205186,0.2647147870716647,HG1
758,2019-01-30,1,2.773,0.017094433359300255,0.28180922043096496,HG1
759,2019-01-31,1,2.789,0.005753342011710943,0.2875625624426759,HG1
760,2019-02-01,1,2.773,-0.005753342011710977,0.28180922043096496,HG1
761,2019-02-04,1,2.7945,0.007723433093974747,0.28953265352493973,HG1
762,2019-02-05,1,2.817,0.008019289166619797,0.29755194269155955,HG1
763,2019-02-06,1,2.8365,0.0068984088902492744,0.30445035158180883,HG1
764,2019-02-07,1,2.8285,-0.0028243619834115003,0.3016259895983973,HG1
765,2019-02-08,1,2.8105,-0.0063841323410806896,0.2952418572573166,HG1
766,2019-02-11,1,2.79,-0.0073208076267184015,0.2879210496305982,HG1
767,2019-02-12,1,2.772,-0.00647251450561759,0.28144853512498064,HG1
768,2019-02-13,1,2.773,0.00036068530598438715,0.281809220430965,HG1
769,2019-02-14,1,2.774,0.00036055525899876566,0.28216977568996376,HG1
770,2019-02-15,1,2.7985,0.008793237456637413,0.29096301314660117,HG1
771,2019-02-19,1,2.8745,0.026795186731931226,0.3177581998785324,HG1
772,2019-02-20,1,2.92,0.015704870198981855,0.33346307007751425,HG1
773,2019-02-21,1,2.897,-0.007907897492977099,0.32555517258453714,HG1
774,2019-02-22,1,2.9515,0.018637796911393764,0.3441929694959309,HG1
775,2019-02-25,1,2.945,-0.002204698595056934,0.34198827090087397,HG1
776,2019-02-26,1,2.945,0.0,0.34198827090087397,HG1
777,2019-02-27,1,2.959,0.0047425563145225705,0.34673082721539655,HG1
778,2019-02-28,1,2.95,-0.0030462030663441003,0.34368462414905243,HG1
779,2019-03-01,1,2.933,-0.005779380356414605,0.3379052437926378,HG1
780,2019-03-04,1,2.9095,-0.008044544880726388,0.32986069891191144,HG1
781,2019-03-05,1,2.935,0.00872620816547231,0.33858690707738376,HG1
782,2019-03-06,1,2.9185,-0.005637667618351208,0.33294923945903254,HG1
783,2019-03-07,1,2.9105,-0.002744897932055478,0.3302043415269771,HG1
784,2019-03-08,1,2.8935,-0.005858045697896744,0.32434629582908037,HG1
785,2019-03-11,1,2.901,0.002588663107510564,0.3269349589365909,HG1
786,2019-03-12,1,2.9285,0.009434841408433035,0.33636980034502395,HG1
787,2019-03-13,1,2.9335,0.0017059028360776746,0.33807570318110164,HG1
788,2019-03-14,1,2.8905,-0.014766751843383844,0.3233089513377178,HG1
789,2019-03-15,1,2.9045,0.004831760910056578,0.3281407122477744,HG1
790,2019-03-18,1,2.9075,0.0010323469602323393,0.32917305920800677,HG1
791,2019-03-19,1,2.921,0.004632417994921267,0.333805477202928,HG1
792,2019-03-20,1,2.918,-0.001027573305009852,0.33277790389791817,HG1
793,2019-03-21,1,2.9025,-0.005326015510684547,0.3274518883872336,HG1
794,2019-03-22,1,2.838,-0.022472855852058514,0.3049790325351751,HG1
795,2019-03-25,1,2.8515,0.004745592876605684,0.3097246254117808,HG1
796,2019-03-26,1,2.852,0.00017533093759280517,0.3098999563493736,HG1
797,2019-03-27,1,2.86,0.0028011222797117733,0.3127010786290854,HG1
798,2019-03-28,1,2.8685,0.002967620228027508,0.3156686988571129,HG1
799,2019-03-29,1,2.936,0.02325886569248048,0.3389275645495934,HG1
800,2019-04-01,1,2.9245,-0.003924584851325692,0.3350029796982677,HG1
801,2019-04-02,1,2.9055,-0.006518033367920277,0.3284849463303474,HG1
802,2019-04-03,1,2.9485,0.014691073925398668,0.34317602025574606,HG1
803,2019-04-04,1,2.91,-0.013143485275020591,0.3300325349807255,HG1
804,2019-04-05,1,2.8945,-0.0053406966464789795,0.32469183833424653,HG1
805,2019-04-08,1,2.932,0.012872399487482762,0.3375642378217293,HG1
806,2019-04-09,1,2.934,0.0006818956963850444,0.33824613351811433,HG1
807,2019-04-10,1,2.9255,-0.002901273474636266,0.3353448600434781,HG1
808,2019-04-11,1,2.887,-0.013247505565355734,0.3220973544781223,HG1
809,2019-04-12,1,2.946,0.020230417359640582,0.3423277718377629,HG1
810,2019-04-15,1,2.935,-0.0037408647603787977,0.33858690707738415,HG1
811,2019-04-16,1,2.9305,-0.0015343963457129834,0.33705251073167114,HG1
812,2019-04-17,1,2.9675,0.01254679056733918,0.34959930129901035,HG1
813,2019-04-18,1,2.92,-0.016136231221495677,0.3334630700775147,HG1
814,2019-04-23,1,2.8935,-0.009116774248433913,0.32434629582908076,HG1
815,2019-04-24,1,2.91,0.005686239151644709,0.3300325349807255,HG1
816,2019-04-25,1,2.8615,-0.01680711831638129,0.3132254166643442,HG1
817,2019-04-26,1,2.8865,0.008698732651831374,0.3219241493161756,HG1
818,2019-04-29,1,2.895,0.0029404155061073765,0.32486456482228293,HG1
819,2019-04-30,1,2.9015,0.0022427336235673456,0.3271072984458503,HG1
820,2019-05-01,1,2.8025,-0.03471596868434786,0.29239132976150245,HG1
821,2019-05-02,1,2.7815,-0.007521525430967242,0.2848698043305352,HG1
822,2019-05-03,1,2.8215,0.014278307893846817,0.29914811222438203,HG1
823,2019-05-07,1,2.789,-0.011585549781705697,0.28756256244267636,HG1
824,2019-05-08,1,2.7795,-0.0034120532339648054,0.28415050920871154,HG1
825,2019-05-09,1,2.7765,-0.0010799137118622621,0.28307059549684926,HG1
826,2019-05-10,1,2.779,0.0009000090608417425,0.283970604557691,HG1
827,2019-05-13,1,2.7225,-0.02054057493538812,0.2634300296223029,HG1
828,2019-05-14,1,2.7275,0.0018348629001102184,0.2652648925224131,HG1
829,2019-05-15,1,2.7465,0.006941935075449185,0.2722068275978623,HG1
830,2019-05-16,1,2.7515,0.0018188437171383028,0.2740256713150006,HG1
831,2019-05-17,1,2.7405,-0.0040058320136424465,0.27001983930135814,HG1
832,2019-05-20,1,2.7295,-0.004021943264358809,0.26599789603699936,HG1
833,2019-05-21,1,2.719,-0.003854276589341551,0.2621436194476578,HG1
834,2019-05-22,1,2.6815,-0.013887826209490747,0.24825579323816704,HG1
835,2019-05-23,1,2.6845,0.0011181514396442019,0.24937394467781124,HG1
836,2019-05-24,1,2.7035,0.007052738959435296,0.2564266836372465,HG1
837,2019-05-28,1,2.7,-0.0012954568296390276,0.25513122680760747,HG1
838,2019-05-29,1,2.669,-0.01154790258789636,0.2435833242197111,HG1
839,2019-05-30,1,2.6605,-0.003189795368100261,0.24039352885161083,HG1
840,2019-05-31,1,2.646,-0.005465009361522967,0.23492851949008786,HG1
841,2019-06-03,1,2.65,0.0015105743053668514,0.23643909379545472,HG1
842,2019-06-04,1,2.669,0.0071442304242563094,0.24358332421971102,HG1
843,2019-06-05,1,2.623,-0.01738516953765043,0.2261981546820606,HG1
844,2019-06-06,1,2.6505,0.010429600560987014,0.2366277552430476,HG1
845,2019-06-07,1,2.6275,-0.00871547767675467,0.22791227756629293,HG1
846,2019-06-10,1,2.6615,0.012857049861705955,0.2407693274279989,HG1
847,2019-06-11,1,2.6715,0.0037502387850139093,0.2445195662130128,HG1
848,2019-06-12,1,2.654,-0.006572176505673241,0.23794738970733956,HG1
849,2019-06-13,1,2.6565,0.0009415309988449878,0.23888892070618453,HG1
850,2019-06-14,1,2.6295,-0.010215752861598919,0.2286731678445856,HG1
851,2019-06-17,1,2.6465,0.00644429826864342,0.23511746611322903,HG1
852,2019-06-18,1,2.703,0.021124254978405373,0.2562417210916344,HG1
853,2019-06-19,1,2.6805,-0.008358923008855167,0.24788279808277924,HG1
854,2019-06-20,1,2.712,0.011683025792693983,0.2595658238754732,HG1
855,2019-06-21,1,2.7045,-0.0027693177488046093,0.2567965061266686,HG1
856,2019-06-24,1,2.7055,0.00036968577130815636,0.25716619189797674,HG1
857,2019-06-25,1,2.7355,0.011027496421090771,0.26819368831906754,HG1
858,2019-06-26,1,2.7135,-0.00807492000042115,0.2601187683186464,HG1
859,2019-06-27,1,2.7125,-0.00036859565474452335,0.2597501726639019,HG1
860,2019-06-28,1,2.7055,-0.0025839807659251294,0.25716619189797674,HG1
861,2019-07-01,1,2.687,-0.006861408467298696,0.250304783430678,HG1
862,2019-07-02,1,2.6625,-0.009159798597810551,0.24114498483286748,HG1
863,2019-07-03,1,2.6825,0.007483664487173048,0.24862864932004053,HG1
864,2019-07-05,1,2.661,-0.008047203527164365,0.24058144579287616,HG1
865,2019-07-08,1,2.6585,-0.0009399380332959764,0.23964150775958018,HG1
866,2019-07-09,1,2.626,-0.012300278081651789,0.22734122967792839,HG1
867,2019-07-10,1,2.695,0.02593642848035599,0.2532776581582844,HG1
868,2019-07-11,1,2.686,-0.003345106259914614,0.2499325518983698,HG1
869,2019-07-12,1,2.693,0.0026027157284159736,0.2525352676267858,HG1
870,2019-07-15,1,2.7095,0.006108302194569986,0.2586435698213558,HG1
871,2019-07-16,1,2.6975,-0.004438697873879166,0.2542048719474766,HG1
872,2019-07-17,1,2.714,0.006098143262524795,0.2603030152100014,HG1
873,2019-07-18,1,2.707,-0.002582550780513353,0.25772046442948804,HG1
874,2019-07-19,1,2.749,0.01539619855094461,0.27311666298043263,HG1
875,2019-07-22,1,2.718,-0.011340893454156686,0.26177576952627596,HG1
876,2019-07-23,1,2.6955,-0.008312599819365586,0.25346316970691035,HG1
877,2019-07-24,1,2.7065,0.004072571345309097,0.25753574105221944,HG1
878,2019-07-25,1,2.6975,-0.003330869104742953,0.2542048719474765,HG1
879,2019-07-26,1,2.6785,-0.0070684818112746,0.2471363901362019,HG1
880,2019-07-29,1,2.711,0.012060634177650454,0.25919702431385233,HG1
881,2019-07-30,1,2.6705,-0.01505184971884043,0.2441451745950119,HG1
882,2019-07-31,1,2.658,-0.004691760506634432,0.23945341408837745,HG1
883,2019-08-01,1,2.6655,0.00281769698962509,0.24227111107800253,HG1
884,2019-08-02,1,2.5715,-0.03590227104784496,0.20636884003015757,HG1
885,2019-08-05,1,2.544,-0.010751740754958055,0.19561709927519952,HG1
886,2019-08-06,1,2.5575,0.005292573365768816,0.20090967264096835,HG1
887,2019-08-07,1,2.571,0.005264709440108018,0.20617438208107636,HG1
888,2019-08-08,1,2.6075,0.014096979609037916,0.22027136169011427,HG1
889,2019-08-09,1,2.589,-0.007120207123389826,0.21315115456672445,HG1
890,2019-08-12,1,2.585,-0.0015461928090081296,0.21160496175771631,HG1
891,2019-08-13,1,2.63,0.017258338229280783,0.2288632999869971,HG1
892,2019-08-14,1,2.592,-0.01455406769964489,0.21430923228735219,HG1
893,2019-08-15,1,2.595,0.0011567381278237332,0.21546597041517593,HG1
894,2019-08-16,1,2.595,0.0,0.21546597041517593,HG1
895,2019-08-19,1,2.6015,0.002501685130369234,0.21796765554554517,HG1
896,2019-08-20,1,2.578,-0.00907429723122564,0.20889335831431954,HG1
897,2019-08-21,1,2.5855,0.002905008337143578,0.21179836665146312,HG1
898,2019-08-22,1,2.5575,-0.010888694010494665,0.20090967264096846,HG1
899,2019-08-23,1,2.53,-0.01081091610421573,0.19009875653675273,HG1
900,2019-08-27,1,2.5475,0.0068931833753140305,0.19699193991206676,HG1
901,2019-08-28,1,2.554,0.0025482714956046567,0.19954021140767142,HG1
902,2019-08-29,1,2.5595,0.002151169305153463,0.20169138071282489,HG1
903,2019-08-30,1,2.533,-0.01040755589596267,0.1912838248168622,HG1
904,2019-09-03,1,2.5165,-0.006535323785260386,0.18474850103160181,HG1
905,2019-09-04,1,2.583,0.026082466879425857,0.21083096791102768,HG1
906,2019-09-05,1,2.6295,0.01784219993355835,0.22867316784458602,HG1
907,2019-09-06,1,2.6215,-0.0030470410168114397,0.22562612682777458,HG1
908,2019-09-09,1,2.615,-0.0024825755135642284,0.22314355131421035,HG1
909,2019-09-10,1,2.6155,0.00019118631164243878,0.2233347376258528,HG1
910,2019-09-11,1,2.602,-0.005174903738215255,0.21815983388763754,HG1
911,2019-09-12,1,2.6285,0.010132961187052146,0.2282927950746897,HG1
912,2019-09-13,1,2.6865,0.021825889909373456,0.25011868498406314,HG1
913,2019-09-16,1,2.6255,-0.022967877090962152,0.227150807893101,HG1
914,2019-09-17,1,2.6145,-0.004198479449728765,0.22295232844337223,HG1
915,2019-09-18,1,2.6005,-0.005369140415058208,0.21758318802831403,HG1
916,2019-09-19,1,2.5955,-0.0019245579458434313,0.2156586300824706,HG1
917,2019-09-20,1,2.5945,-0.0003853564594893205,0.2152732736229813,HG1
918,2019-09-23,1,2.598,0.001348098422750565,0.21662137204573187,HG1
919,2019-09-24,1,2.5925,-0.0021192571268624327,0.21450211491886945,HG1
920,2019-09-25,1,2.5985,0.0023116943448142934,0.21681380926368374,HG1
921,2019-09-26,1,2.5625,-0.013951011001832901,0.20286279826185083,HG1
922,2019-09-27,1,2.583,0.007968169649176881,0.2108309679110277,HG1
923,2019-09-30,1,2.5645,-0.007187986266517479,0.20364298164451022,HG1
924,2019-10-01,1,2.556,-0.003319991331897562,0.20032299031261266,HG1
925,2019-10-02,1,2.5665,0.0040995665029324125,0.20442255681554508,HG1
926,2019-10-03,1,2.5485,-0.007038152220261366,0.19738440459528372,HG1
927,2019-10-04,1,2.559,0.004111606379692326,0.20149601097497605,HG1
928,2019-10-07,1,2.5745,0.006038783326407158,0.20753479430138322,HG1
929,2019-10-08,1,2.566,-0.0033070743106143625,0.20422771999076886,HG1
930,2019-10-09,1,2.565,-0.0003897875707118119,0.20383793242005704,HG1
931,2019-10-10,1,2.609,0.01700852753185848,0.2208464599519155,HG1
932,2019-10-11,1,2.623,0.0053516947301452695,0.22619815468206078,HG1
933,2019-10-14,1,2.6285,0.0020946403926288717,0.22829279507468966,HG1
934,2019-10-15,1,2.609,-0.007446335122774219,0.22084645995191546,HG1
935,2019-10-16,1,2.584,-0.009628420234235952,0.2112180397176795,HG1
936,2019-10-17,1,2.591,0.002705315659617645,0.21392335537729715,HG1
937,2019-10-18,1,2.6295,0.014749812467288896,0.22867316784458605,HG1
938,2019-10-21,1,2.639,0.003606343473925096,0.23227951131851116,HG1
939,2019-10-22,1,2.626,-0.004938281640582566,0.22734122967792858,HG1
940,2019-10-23,1,2.6655,0.014929881400074334,0.24227111107800292,HG1
941,2019-10-24,1,2.6625,-0.0011261262451352473,0.24114498483286767,HG1
942,2019-10-25,1,2.669,0.002438339386843523,0.24358332421971118,HG1
943,2019-10-28,1,2.6755,0.0024324083468350516,0.24601573256654624,HG1
944,2019-10-29,1,2.6855,0.003730651594154827,0.24974638416070108,HG1
945,2019-10-30,1,2.6805,-0.0018635860779217899,0.2478827980827793,HG1
946,2019-10-31,1,2.633,-0.017879463771282977,0.23000333431149633,HG1
947,2019-11-01,1,2.653,0.007567194641430312,0.23757052895292666,HG1
948,2019-11-04,1,2.671,0.006761858972221216,0.2443323879251479,HG1
949,2019-11-05,1,2.7005,0.010984006922984981,0.25531639484813284,HG1
950,2019-11-06,1,2.665,-0.013232883433000876,0.24208351141513196,HG1
951,2019-11-07,1,2.7275,0.023181381107281074,0.26526489252241303,HG1
952,2019-11-08,1,2.682,-0.016822653865602038,0.248442238656811,HG1
953,2019-11-11,1,2.664,-0.006734032181343956,0.24170820647546704,HG1
954,2019-11-12,1,2.6455,-0.006968669316093316,0.2347395371593737,HG1
955,2019-11-13,1,2.6395,-0.002270578080515614,0.2324689590788581,HG1
956,2019-11-14,1,2.6215,-0.006842832251083317,0.22562612682777478,HG1
957,2019-11-15,1,2.638,0.006274381264672288,0.23190050809244706,HG1
958,2019-11-18,1,2.62,-0.006846736522117338,0.2250537715703297,HG1
959,2019-11-19,1,2.6565,0.01383514913585524,0.23888892070618495,HG1
960,2019-11-20,1,2.6495,-0.0026385239581810604,0.23625039674800388,HG1
961,2019-11-21,1,2.6235,-0.009861638806050363,0.2263887579419535,HG1
962,2019-11-22,1,2.648,0.009295333930132429,0.23568409187208594,HG1
963,2019-11-25,1,2.6475,-0.00018883958133742148,0.23549525229074852,HG1
964,2019-11-26,1,2.6775,0.011267724846342506,0.24676297713709103,HG1
965,2019-11-27,1,2.6745,-0.001121076350599039,0.24564190078649198,HG1
966,2019-11-29,1,2.642,-0.01222624088903421,0.23341565989745777,HG1
967,2019-12-02,1,2.6395,-0.0009467008185996771,0.2324689590788581,HG1
968,2019-12-03,1,2.6125,-0.010281887990604562,0.22218707108825353,HG1
969,2019-12-04,1,2.6485,0.013685824711514943,0.23587289579976847,HG1
970,2019-12-05,1,2.653,0.0016976331531583183,0.2375705289529268,HG1
971,2019-12-06,1,2.7155,0.02328502333716035,0.26085555229008717,HG1
972,2019-12-09,1,2.749,0.012261110690345857,0.273116662980433,HG1
973,2019-12-10,1,2.757,0.0029059228585510983,0.27602258583898415,HG1
974,2019-12-11,1,2.781,0.008667443210168125,0.28469002904915225,HG1
975,2019-12-12,1,2.788,0.002513917646449493,0.28720394669560173,HG1
976,2019-12-13,1,2.774,-0.005034171005637478,0.28216977568996426,HG1
977,2019-12-16,1,2.806,0.011469659787629349,0.29363943547759364,HG1
978,2019-12-17,1,2.81,0.001424501665385221,0.29506393714297885,HG1
979,2019-12-18,1,2.8085,-0.0005339503553040987,0.2945299867876747,HG1
980,2019-12-19,1,2.8245,0.005680824792829431,0.30021081158050417,HG1
981,2019-12-20,1,2.8025,-0.007819481819001725,0.29239132976150245,HG1
982,2019-12-23,1,2.8075,0.0017825316662831252,0.29417386142778557,HG1
983,2019-12-24,1,2.825,0.0062139569679430726,0.30038781839572865,HG1
984,2019-12-27,1,2.8255,0.00017697548935656152,0.3005647938850852,HG1
985,2019-12-30,1,2.8275,0.000707588920377497,0.3012723828054627,HG1
986,2019-12-31,1,2.794,-0.011918668173368386,0.2893537146320943,HG1
987,2020-01-02,1,2.828,0.012095487199556087,0.3014492018316504,HG1
988,2020-01-03,1,2.7905,-0.013348956787975028,0.2881002450436754,HG1
989,2020-01-06,1,2.793,0.0008954957166885495,0.28899574076036394,HG1
990,2020-01-07,1,2.7975,0.0016098742409035322,0.29060561500126747,HG1
991,2020-01-08,1,2.8155,0.0064137045085930836,0.29701931950986055,HG1
992,2020-01-09,1,2.8055,-0.0035580895036466465,0.2934612300062139,HG1
993,2020-01-10,1,2.8165,0.00391320314374195,0.2973744331499558,HG1
994,2020-01-13,1,2.862,0.016025701781627537,0.31340013493158336,HG1
995,2020-01-14,1,2.874,0.004184106522574091,0.3175842414541575,HG1
996,2020-01-15,1,2.8665,-0.0026130142905329066,0.3149712271636246,HG1
997,2020-01-16,1,2.8475,-0.006650357027100159,0.3083208701365244,HG1
998,2020-01-17,1,2.8465,-0.0003512469302007406,0.3079696232063237,HG1
999,2020-01-21,1,2.7945,-0.018436969681383582,0.2895326535249401,HG1
1000,2020-01-22,1,2.7655,-0.010431749275020214,0.2791009042499199,HG1
1001,2020-01-23,1,2.726,-0.014386117178254745,0.2647147870716652,HG1
1002,2020-01-24,1,2.6845,-0.015340842393853778,0.2493739446778114,HG1
1003,2020-01-27,1,2.5965,-0.033330106578250626,0.2160438380995608,HG1
1004,2020-01-28,1,2.579,-0.006762657403028701,0.2092811806965321,HG1
1005,2020-01-29,1,2.553,-0.010132588639861013,0.19914859205667107,HG1
1006,2020-01-30,1,2.5235,-0.011622311461166768,0.1875262805955043,HG1
1007,2020-01-31,1,2.52,-0.001387925274847969,0.18613835532065634,HG1
1008,2020-02-03,1,2.507,-0.005172082347175581,0.18096627297348075,HG1
1009,2020-02-04,1,2.542,0.013864353591105867,0.1948306265645866,HG1
1010,2020-02-05,1,2.5745,0.01270416773679683,0.20753479430138344,HG1
1011,2020-02-06,1,2.593,0.007160166052468284,0.21469496035385172,HG1
1012,2020-02-07,1,2.553,-0.015546368297180584,0.19914859205667113,HG1
1013,2020-02-10,1,2.5505,-0.0009797198785025624,0.19816887217816856,HG1
1014,2020-02-11,1,2.583,0.012662095732859329,0.2108309679110279,HG1
1015,2020-02-12,1,2.6,0.006559930913732941,0.21739089882476084,HG1
1016,2020-02-13,1,2.613,0.004987541511038968,0.22237844033579982,HG1
1017,2020-02-14,1,2.5995,-0.005179867696842091,0.21719857263895773,HG1
1018,2020-02-18,1,2.604,0.0017296055046895737,0.2189281781436473,HG1
1019,2020-02-19,1,2.606,0.0007677543563304702,0.21969593249997776,HG1
1020,2020-02-20,1,2.588,-0.006931102063999143,0.21276483043597863,HG1
1021,2020-02-21,1,2.608,0.007698267425752336,0.22046309786173096,HG1
1022,2020-02-24,1,2.577,-0.01195771239417858,0.20850538546755237,HG1
1023,2020-02-25,1,2.578,0.0003879728467675616,0.20889335831431993,HG1
1024,2020-02-26,1,2.5725,-0.0021357157909280815,0.20675764252339185,HG1
1025,2020-02-27,1,2.5715,-0.00038880249323372626,0.20636884003015812,HG1
1026,2020-02-28,1,2.546,-0.009965886097619059,0.19640295393253906,HG1
1027,2020-03-02,1,2.5995,0.0207956187064186,0.21719857263895767,HG1
1028,2020-03-03,1,2.576,-0.009081310599526129,0.20811726203943154,HG1
1029,2020-03-04,1,2.5885,0.004840749117711788,0.21295801115714333,HG1
1030,2020-03-05,1,2.576,-0.004840749117711712,0.20811726203943162,HG1
1031,2020-03-06,1,2.563,-0.005059360860173043,0.2030579011792586,HG1
1032,2020-03-09,1,2.5145,-0.01910447075205178,0.1839534304272068,HG1
1033,2020-03-10,1,2.525,0.004167086097440804,0.1881205165246476,HG1
1034,2020-03-11,1,2.5055,-0.007752747309680756,0.18036776921496683,HG1
1035,2020-03-12,1,2.4745,-0.012449960007838618,0.1679178092071282,HG1
1036,2020-03-13,1,2.4655,-0.0036437287277598695,0.16427408047936834,HG1
1037,2020-03-16,1,2.3945,-0.0292201858815168,0.13505389459785155,HG1
1038,2020-03-17,1,2.3155,-0.033548793861857294,0.10150510073599425,HG1
1039,2020-03-18,0,2.1545,-0.07206696886491391,0.02943813187108034,HG1
1040,2020-03-19,0,2.191,0.016799382539573717,0.04623751441065406,HG1
1041,2020-03-20,0,2.177,-0.0064102783609189425,0.03982723604973512,HG1
1042,2020-03-23,0,2.1055,-0.033394813632564885,0.006432422417170236,HG1
1043,2020-03-24,0,2.1845,0.03683400078950791,0.043266423206678145,HG1
1044,2020-03-25,0,2.213,0.012962091659559263,0.05622851486623741,HG1
1045,2020-03-26,0,2.1855,-0.012504425747680344,0.04372408911855706,HG1
1046,2020-03-27,0,2.1745,-0.005045882265676138,0.038678206852880925,HG1
1047,2020-03-30,0,2.162,-0.005765033838539579,0.032913173014341345,HG1
1048,2020-03-31,0,2.24,0.03544214664993198,0.06835531966427333,HG1
1049,2020-04-01,0,2.1745,-0.02967711281139248,0.03867820685288085,HG1
1050,2020-04-02,0,2.2185,0.020032538781271144,0.05871074563415199,HG1
1051,2020-04-03,0,2.1925,-0.011788846572626169,0.04692189906152582,HG1
1052,2020-04-06,0,2.2175,0.011337989937396443,0.05825988899892227,HG1
1053,2020-04-07,0,2.2725,0.024500111867899403,0.08276000086682167,HG1
1054,2020-04-08,0,2.26,-0.005515733785302441,0.07724426708151923,HG1
1055,2020-04-09,0,2.2595,-0.0002212634149970163,0.0770230036665222,HG1
1056,2020-04-14,0,2.3295,0.030510102405516902,0.10753310607203911,HG1
1057,2020-04-15,1,2.296,-0.014485173817394404,0.09304793225464471,HG1
1058,2020-04-16,1,2.291,-0.00218007498596147,0.09086785726868324,HG1
1059,2020-04-17,1,2.3445,0.02308375607614557,0.11395161334482881,HG1
1060,2020-04-21,0,2.2295,-0.05029481446210976,0.06365679888271905,HG1
1061,2020-04-22,0,2.29,0.026774472480754118,0.09043127136347318,HG1
1062,2020-04-23,1,2.312,0.009561133243982625,0.0999924046074558,HG1
1063,2020-04-24,1,2.337,0.010755104746590112,0.11074750935404591,HG1
1064,2020-04-27,1,2.35,0.005547272599346691,0.1162947819533926,HG1
1065,2020-04-28,1,2.3455,-0.001916729369692001,0.1143780525837006,HG1
1066,2020-04-29,1,2.3745,0.012288290220663807,0.1266663428043644,HG1
1067,2020-04-30,1,2.354,-0.008670880168954447,0.11799546263540994,HG1
1068,2020-05-01,1,2.313,-0.0175706255887828,0.10042483704662714,HG1
1069,2020-05-04,1,2.315,0.0008643042888952645,0.1012891413355224,HG1
1070,2020-05-05,1,2.333,0.007745305501095565,0.10903444683661796,HG1
1071,2020-05-06,1,2.3475,0.006195939060987891,0.11523038589760586,HG1
1072,2020-05-07,1,2.38,0.0137495555831024,0.12897994148070827,HG1
1073,2020-05-11,1,2.3795,-0.00021010610435511767,0.12876983537635314,HG1
1074,2020-05-12,1,2.3575,-0.009288646053552695,0.11948118932280044,HG1
1075,2020-05-13,1,2.346,-0.004889985294191681,0.11459120402860876,HG1
1076,2020-05-14,1,2.346,0.0,0.11459120402860876,HG1
1077,2020-05-15,1,2.3295,-0.007058097956569359,0.10753310607203939,HG1
1078,2020-05-18,1,2.402,0.03064807138307756,0.13818117745511696,HG1
1079,2020-05-19,1,2.416,0.005811556414776647,0.1439927338698936,HG1
1080,2020-05-20,1,2.4565,0.01662429255399755,0.16061702642389117,HG1
1081,2020-05-21,1,2.43,-0.010846315274108747,0.1497707111497824,HG1
1082,2020-05-22,1,2.3875,-0.01764446397970883,0.13212624717007357,HG1
1083,2020-05-26,1,2.4195,0.013314113878487919,0.14544036104856148,HG1
1084,2020-05-27,1,2.383,-0.01520070913463123,0.13023965191393025,HG1
1085,2020-05-28,1,2.413,0.01251058852628947,0.14275024044021972,HG1
1086,2020-05-29,1,2.4265,0.005579103220239111,0.14832934366045883,HG1
1087,2020-06-01,1,2.4705,0.017970669440533937,0.16630001310099277,HG1
1088,2020-06-02,1,2.491,0.008263676976375806,0.17456369007736858,HG1
1089,2020-06-03,1,2.4875,-0.0014060462294326896,0.1731576438479359,HG1
1090,2020-06-04,1,2.4895,0.0008036970494896915,0.17396134089742557,HG1
1091,2020-06-05,1,2.5555,0.02616601212609672,0.2001273530235223,HG1
1092,2020-06-08,1,2.5655,0.003905492173685279,0.20403284519720757,HG1
1093,2020-06-09,1,2.599,0.01297336425947071,0.21700620945667828,HG1
1094,2020-06-10,1,2.6565,0.021882711249507587,0.23888892070618586,HG1
1095,2020-06-11,1,2.5865,-0.026703856447428148,0.21218506425875772,HG1
1096,2020-06-12,1,2.6,0.005205834566003739,0.21739089882476145,HG1
1097,2020-06-15,1,2.567,-0.01277354313843298,0.20461735568632847,HG1
1098,2020-06-16,1,2.5645,-0.0009743740418174113,0.20364298164451106,HG1
1099,2020-06-17,1,2.5895,0.009701279034623221,0.21334426067913428,HG1
1100,2020-06-18,1,2.588,-0.0005794302431550279,0.21276483043597927,HG1
1101,2020-06-19,1,2.611,0.008847913078337669,0.22161274351431692,HG1
1102,2020-06-22,1,2.6525,0.01576930178900913,0.23738204530332604,HG1
1103,2020-06-23,1,2.6585,0.0022594624562550228,0.23964150775958107,HG1
1104,2020-06-24,1,2.6505,-0.003013752516532398,0.23662775524304866,HG1
1105,2020-06-25,1,2.663,0.004705005386071385,0.24133276062912004,HG1
1106,2020-06-26,1,2.659,-0.0015031945709124527,0.2398295660582076,HG1
1107,2020-06-29,1,2.6795,0.007680097691885217,0.2475096637500928,HG1
1108,2020-06-30,1,2.7135,0.012609104568554536,0.26011876831864733,HG1
1109,2020-07-01,1,2.7255,0.004412583000876031,0.2645313513195234,HG1
1110,2020-07-02,1,2.7425,0.006218015645049822,0.2707493669645732,HG1
1111,2020-07-06,1,2.7705,0.010157896158019078,0.2809072631225923,HG1
1112,2020-07-07,1,2.7935,0.008267480591798989,0.2891747437143913,HG1
1113,2020-07-08,1,2.8205,0.009618884280827468,0.29879362799521875,HG1
1114,2020-07-09,1,2.8345,0.004951380584327468,0.3037450085795462,HG1
1115,2020-07-10,1,2.8925,0.02025562530347329,0.32400063388301953,HG1
1116,2020-07-13,1,2.9495,0.019514484375298215,0.34351511825831776,HG1
1117,2020-07-14,1,2.925,-0.008341183777173104,0.3351739344811447,HG1
1118,2020-07-15,1,2.8775,-0.0163726190699191,0.3188013154112256,HG1
1119,2020-07-16,1,2.8935,0.005544980417855785,0.32434629582908137,HG1
1120,2020-07-17,1,2.895,0.0005182689932021143,0.3248645648222835,HG1
1121,2020-07-20,1,2.906,0.00379245412313255,0.32865701894541605,HG1
1122,2020-07-21,1,2.948,0.014349409178998877,0.3430064281244149,HG1
1123,2020-07-22,1,2.914,-0.011600266554076972,0.3314061615703379,HG1
1124,2020-07-23,1,2.9295,0.005305052229693098,0.336711213800031,HG1
1125,2020-07-24,1,2.885,-0.015306860042643472,0.3214043537573875,HG1
1126,2020-07-27,1,2.8895,0.0015585768156328047,0.32296293057302033,HG1
1127,2020-07-28,1,2.908,0.006382082895577383,0.32934501346859774,HG1
1128,2020-07-29,1,2.9095,0.0005156854433147274,0.32986069891191244,HG1
1129,2020-07-30,1,2.9045,-0.0017199866641373898,0.3281407122477751,HG1
1130,2020-07-31,1,2.859,-0.01578934511027543,0.31235136713749967,HG1
1131,2020-08-03,1,2.912,0.018368216994264774,0.33071958413176444,HG1
1132,2020-08-04,1,2.8945,-0.006027745797517313,0.32469183833424714,HG1
1133,2020-08-05,1,2.917,0.00774330634866213,0.33243514468290924,HG1
1134,2020-08-06,1,2.9105,-0.0022308031559312154,0.33020434152697803,HG1
1135,2020-08-07,1,2.7925,-0.041387635768434426,0.2888167057585436,HG1
1136,2020-08-10,1,2.8615,0.02440871090580123,0.31322541666434484,HG1
1137,2020-08-11,1,2.8755,0.004880609304652024,0.31810602596899684,HG1
1138,2020-08-12,1,2.891,0.005375890862537089,0.32348191683153393,HG1
1139,2020-08-13,1,2.807,-0.02948616565446354,0.2939957511770704,HG1
1140,2020-08-14,1,2.859,0.018355615960429363,0.3123513671374997,HG1
1141,2020-08-17,1,2.9015,0.014755931308351209,0.32710729844585096,HG1
1142,2020-08-18,1,2.975,0.02501619434906724,0.35212349279491817,HG1
1143,2020-08-19,1,3.023,0.016005676799727992,0.36812916959464614,HG1
1144,2020-08-20,1,2.9745,-0.016173758151497755,0.3519554114431484,HG1
1145,2020-08-21,1,2.9175,-0.019348872467249274,0.33260653897589915,HG1
1146,2020-08-24,1,2.9265,0.0030800845705644853,0.3356866235464636,HG1
1147,2020-08-25,1,2.934,0.0025595099716515367,0.33824613351811517,HG1
1148,2020-08-26,1,2.9615,0.00932921701409284,0.347575350532208,HG1
1149,2020-08-27,1,2.9675,0.002023950766803165,0.3495993012990112,HG1
1150,2020-08-28,1,2.995,0.009224384065726733,0.3588236853647379,HG1
1151,2020-09-01,1,3.015,0.006655598611736067,0.365479283976474,HG1
1152,2020-09-02,1,3.008,-0.0023244240915553855,0.36315485988491863,HG1
1153,2020-09-03,1,2.963,-0.015073137496165212,0.3480817223887534,HG1
1154,2020-09-04,1,3.0495,0.02877537416294574,0.37685709655169913,HG1
1155,2020-09-08,1,3.013,-0.012041382606209853,0.3648157139454893,HG1
1156,2020-09-09,1,3.0395,0.008756768058475901,0.3735724820039652,HG1
1157,2020-09-10,1,2.987,-0.01742348897266735,0.3561489930312979,HG1
1158,2020-09-11,1,3.0325,0.015117822602095429,0.3712668156333933,HG1
1159,2020-09-14,1,3.065,0.010660207552106428,0.38192702318549976,HG1
1160,2020-09-15,1,3.06,-0.0016326534238853348,0.3802943697616144,HG1
1161,2020-09-16,1,3.058,-0.0006538084574189546,0.37964056130419543,HG1
1162,2020-09-17,1,3.068,0.003264775998139235,0.38290533730233467,HG1
1163,2020-09-18,1,3.1135,0.014721611825359927,0.3976269491276946,HG1
1164,2020-09-21,1,3.03,-0.027184875809091968,0.3704420733186026,HG1
1165,2020-09-22,1,3.061,0.010179040441997834,0.3806211137606005,HG1
1166,2020-09-23,1,2.9925,-0.022632501513284276,0.3579886122473162,HG1
1167,2020-09-24,1,2.9675,-0.008389310948305223,0.34959930129901096,HG1
1168,2020-09-25,1,2.9705,0.001010441311973024,0.350609742610984,HG1
1169,2020-09-28,1,2.9845,0.004701939812908575,0.35531168242389255,HG1
1170,2020-09-29,1,2.9835,-0.0003351206465681176,0.35497656177732445,HG1
1171,2020-09-30,1,3.0285,0.014970339458865462,0.3699469012361899,HG1
1172,2020-10-01,1,2.8635,-0.05602279458708991,0.3139241066491,HG1
1173,2020-10-02,1,2.9755,0.03836743925099473,0.3522915459000947,HG1
1174,2020-10-05,1,2.9615,-0.004716195367886815,0.3475753505322079,HG1
1175,2020-10-06,1,2.962,0.00016881911072422594,0.34774416964293214,HG1
1176,2020-10-07,1,3.0305,0.022862906563595513,0.37060707620652766,HG1
1177,2020-10-08,1,3.039,0.0028008915254534752,0.37340796773198115,HG1
1178,2020-10-09,1,3.078,0.012751521482031423,0.38615948921401255,HG1
1179,2020-10-12,1,3.0595,-0.006028531496229307,0.38013095771778327,HG1
1180,2020-10-13,1,3.04,-0.006393988502327732,0.3737369692154555,HG1
1181,2020-10-14,1,3.047,0.002299984585441683,0.3760369538008972,HG1
1182,2020-10-15,1,3.082,0.011421236894351918,0.3874581906952491,HG1
1183,2020-10-16,1,3.0645,-0.005694312954274591,0.38176387774097453,HG1
1184,2020-10-19,1,3.081,0.005369795670881597,0.3871336734118561,HG1
1185,2020-10-20,1,3.143,0.019923538200899652,0.40705721161275576,HG1
1186,2020-10-21,1,3.1945,0.016252823244830482,0.4233100348575862,HG1
1187,2020-10-22,1,3.149,-0.014345638941373385,0.40896439591621286,HG1
1188,2020-10-23,1,3.1245,-0.007810671731888286,0.4011537241843246,HG1
1189,2020-10-26,1,3.0845,-0.01288470071944307,0.3882690234648815,HG1
1190,2020-10-27,1,3.087,0.0008101758524661952,0.3890791993173477,HG1
1191,2020-10-28,1,3.0585,-0.00927514581953983,0.3798040534978079,HG1
1192,2020-10-29,1,3.052,-0.0021274862782718826,0.377676567219536,HG1
1193,2020-10-30,1,3.0435,-0.002788944470368606,0.3748876227491674,HG1
1194,2020-11-02,1,3.077,0.010946927388062787,0.3858345501372302,HG1
1195,2020-11-03,1,3.0925,0.005024728944601193,0.39085927908183143,HG1
1196,2020-11-04,1,3.107,0.0046778051264046135,0.395537084208236,HG1
1197,2020-11-05,1,3.11,0.0009650957802322002,0.3965021799884682,HG1
1198,2020-11-06,1,3.154,0.014048762349703866,0.4105509423381721,HG1
1199,2020-11-09,1,3.156,0.0006339144427813282,0.4111848567809534,HG1
1200,2020-11-10,1,3.1555,-0.00015844094147070414,0.4110264158394827,HG1
1201,2020-11-11,1,3.134,-0.006836818108328077,0.4041895977311546,HG1
1202,2020-11-12,1,3.145,0.0035037462185748968,0.4076933439497295,HG1
1203,2020-11-13,1,3.178,0.010438177962120258,0.41813152191184977,HG1
1204,2020-11-16,1,3.222,0.013750216640258411,0.4318817385521082,HG1
1205,2020-11-17,1,3.198,-0.00747667034302014,0.4244050682090881,HG1
1206,2020-11-18,1,3.198,0.0,0.4244050682090881,HG1
1207,2020-11-19,1,3.202,0.001250000162760564,0.42565506837184863,HG1
1208,2020-11-20,1,3.291,0.02741585538668002,0.45307092375852864,HG1
1209,2020-11-23,1,3.258,-0.010077959781349488,0.44299296397717913,HG1
1210,2020-11-24,1,3.2995,0.012657431661485872,0.455650395638665,HG1
1211,2020-11-25,1,3.3095,0.003026178735501151,0.45867657437416615,HG1
1212,2020-11-27,1,3.3995,0.026831241407537006,0.48550781578170316,HG1
1213,2020-11-30,1,3.4205,0.006158377234538279,0.4916661930162414,HG1
1214,2020-12-01,2,3.473,0.015232034543021244,0.5068982275592626,HG1
1215,2020-12-02,2,3.478,0.0014386421701544536,0.508336869729417,HG1
1216,2020-12-03,2,3.481,0.0008621928972105424,0.5091990626266276,HG1
1217,2020-12-04,2,3.516,0.010004370993628818,0.5192034336202564,HG1
1218,2020-12-07,2,3.5095,-0.0018504026345914069,0.5173530309856651,HG1
1219,2020-12-08,2,3.4935,-0.004569478177970774,0.5127835528076943,HG1
1220,2020-12-09,2,3.5085,0.004284496699837986,0.5170680495075323,HG1
1221,2020-12-10,2,3.5695,0.01723693425017176,0.5343049837577041,HG1
1222,2020-12-11,2,3.5235,-0.012970716175438136,0.521334267582266,HG1
1223,2020-12-14,2,3.5215,-0.0005677785816120348,0.5207664890006539,HG1
1224,2020-12-15,2,3.538,0.004674560534265423,0.5254410495349193,HG1
1225,2020-12-16,2,3.5535,0.00437143754721925,0.5298124870821386,HG1
1226,2020-12-17,2,3.5965,0.012028117040460874,0.5418406041225995,HG1
1227,2020-12-18,2,3.6275,0.008582555450932056,0.5504231595735315,HG1
1228,2020-12-21,2,3.5725,-0.01527807495432043,0.5351450846192111,HG1
1229,2020-12-22,2,3.5165,-0.015799454055949423,0.5193456305632617,HG1
1230,2020-12-23,2,3.5525,0.010185404223182764,0.5295310347864445,HG1
1231,2020-12-24,2,3.5585,0.001687526768069987,0.5312185615545144,HG1
1232,2020-12-29,2,3.5495,-0.002532359259885191,0.5286862022946293,HG1
1233,2020-12-30,2,3.543,-0.001832922613968582,0.5268532796806606,HG1
1234,2020-12-31,2,3.514,-0.00821883611842956,0.5186344435622311,HG1
1235,2021-01-04,2,3.553,0.011037327273984668,0.5296717708362157,HG1
1236,2021-01-05,2,3.6395,0.024053992537285556,0.5537257633735013,HG1
1237,2021-01-06,2,3.6505,0.003017834937827927,0.5567435983113292,HG1
1238,2021-01-07,2,3.696,0.012387009265434302,0.5691306075767636,HG1
1239,2021-01-08,2,3.6735,-0.0061062677012426545,0.5630243398755209,HG1
1240,2021-01-11,2,3.5645,-0.03012109450264906,0.5329032453728718,HG1
1241,2021-01-12,2,3.605,0.011297979161366406,0.5442012245342382,HG1
1242,2021-01-13,2,3.6165,0.0031849365702859354,0.5473861611045242,HG1
1243,2021-01-14,2,3.665,0.013321628031416585,0.5607077891359408,HG1
1244,2021-01-15,2,3.601,-0.01761675067187661,0.5430910384640641,HG1
1245,2021-01-19,2,3.633,0.008847168572326782,0.551938207036391,HG1
1246,2021-01-20,2,3.643,0.002748764787361783,0.5546869718237527,HG1
1247,2021-01-21,2,3.65,0.0019196495679733867,0.5566066213917261,HG1
1248,2021-01-22,2,3.6285,-0.0059078278583455214,0.5506987935333806,HG1
1249,2021-01-25,2,3.631,0.000688752696144237,0.5513875462295248,HG1
1250,2021-01-26,2,3.6215,-0.0026197877789549593,0.5487677584505698,HG1
1251,2021-01-27,2,3.561,-0.016846900357603056,0.5319208580929667,HG1
1252,2021-01-28,2,3.583,0.006159034027176159,0.538079892120143,HG1
1253,2021-01-29,2,3.5735,-0.0026549306449202615,0.5354249614752227,HG1
1254,2021-02-01,2,3.546,-0.0077253000258804844,0.5276996614493422,HG1
1255,2021-02-02,2,3.5245,-0.0060816254202228125,0.5216180360291194,HG1
1256,2021-02-03,2,3.5655,0.011565714254428055,0.5331837502835475,HG1
1257,2021-02-04,2,3.553,-0.003511979447331242,0.5296717708362162,HG1
1258,2021-02-05,2,3.626,0.020337795293769313,0.5500095661299855,HG1
1259,2021-02-08,2,3.666,0.010971037084853906,0.5609806032148394,HG1
1260,2021-02-09,2,3.72,0.014622518867541963,0.5756031220823814,HG1
1261,2021-02-10,2,3.7725,0.014014243374811766,0.5896173654571931,HG1
1262,2021-02-11,2,3.7715,-0.0002651113483183805,0.5893522541088747,HG1
1263,2021-02-12,2,3.788,0.004365375012283168,0.5937176291211579,HG1
1264,2021-02-16,2,3.834,0.01207046929962098,0.6057880984207789,HG1
1265,2021-02-17,2,3.8205,-0.0035273405179684107,0.6022607579028104,HG1
1266,2021-02-18,2,3.901,0.020851626419035076,0.6231123843218455,HG1
1267,2021-02-19,2,4.074,0.04339238728009474,0.6665047716019402,HG1
1268,2021-02-22,2,4.141,0.01631198675881607,0.6828167583607563,HG1
1269,2021-02-23,2,4.1785,0.009015025895923607,0.6918317842566799,HG1
1270,2021-02-24,2,4.2945,0.0273828037647886,0.7192145880214685,HG1
1271,2021-02-25,2,4.266,-0.006658514174983642,0.7125560738464849,HG1
1272,2021-02-26,2,4.0945,-0.0410320103210529,0.671524063525432,HG1
1273,2021-03-01,2,4.115,0.004994224400927379,0.6765182879263594,HG1
1274,2021-03-02,2,4.2265,0.026735393257811994,0.7032536811841714,HG1
1275,2021-03-03,2,4.1475,-0.01886848430438269,0.6843851968797887,HG1
1276,2021-03-04,2,3.985,-0.03996843084028419,0.6444167660395045,HG1
1277,2021-03-05,2,4.081,0.02380474418149033,0.6682215102209949,HG1
1278,2021-03-08,2,4.0985,0.0042789966872795624,0.6725005069082745,HG1
1279,2021-03-09,2,4.015,-0.020583705712223236,0.6519168011960512,HG1
1280,2021-03-10,2,4.038,0.005712172491920825,0.657628973687972,HG1
1281,2021-03-11,2,4.1425,0.02554995042793508,0.6831789241159071,HG1
1282,2021-03-12,2,4.1445,0.00048268373086294815,0.68366160784677,HG1
1283,2021-03-15,2,4.145,0.00012063453781435688,0.6837822423845843,HG1
1284,2021-03-16,2,4.0765,-0.016664011466429724,0.6671182309181546,HG1
1285,2021-03-17,2,4.123,0.01134227660393451,0.6784605075220891,HG1
1286,2021-03-18,2,4.1125,-0.0025499376332727593,0.6759105698888164,HG1
1287,2021-03-19,2,4.1185,0.0014579033076760515,0.6773684731964924,HG1
1288,2021-03-22,2,4.144,0.006172485558015484,0.6835409587545079,HG1
1289,2021-03-23,2,4.0845,-0.014462183157395014,0.6690787755971129,HG1
1290,2021-03-24,2,4.0695,-0.0036791800148280335,0.6653995955822849,HG1
1291,2021-03-25,2,3.9845,-0.02110830792929315,0.6442912876529917,HG1
1292,2021-03-26,2,4.075,0.022458912837160318,0.666750200490152,HG1
1293,2021-03-29,2,4.0415,-0.008254836501064068,0.6584953639890879,HG1
1294,2021-03-30,2,3.983,-0.014580605992254832,0.6439147579968331,HG1
1295,2021-03-31,2,4.003,0.005008775810929481,0.6489235338077626,HG1
1296,2021-04-01,2,3.9905,-0.0031275436765100524,0.6457959901312526,HG1
1297,2021-04-06,2,4.1165,0.0310867514224172,0.6768827415536698,HG1
1298,2021-04-07,2,4.0545,-0.015175912353868785,0.661706829199801,HG1
1299,2021-04-08,2,4.0945,0.009817234325630966,0.6715240635254319,HG1
1300,2021-04-09,2,4.04,-0.013399917755047166,0.6581241457703848,HG1
1301,2021-04-12,2,4.0185,-0.0053359933024225824,0.6527881524679622,HG1
1302,2021-04-13,2,4.0315,0.003229816472303623,0.6560179689402658,HG1
1303,2021-04-14,2,4.1285,0.02377562973240643,0.6797935986726722,HG1
1304,2021-04-15,2,4.2185,0.021565469748198167,0.7013590684208704,HG1
1305,2021-04-16,2,4.168,-0.012043310172478488,0.6893157582483919,HG1
1306,2021-04-19,2,4.238,0.01665515539504161,0.7059709136434335,HG1
1307,2021-04-20,2,4.213,-0.005916476849227975,0.7000544367942054,HG1
1308,2021-04-21,2,4.279,0.01554435443780016,0.7155987912320055,HG1
1309,2021-04-22,2,4.273,-0.001403180772791931,0.7141956104592136,HG1
1310,2021-04-23,2,4.336,0.014636107475457306,0.7288317179346709,HG1
1311,2021-04-26,2,4.441,0.023927312172619963,0.752759030107291,HG1
1312,2021-04-27,2,4.488,0.010527591910430012,0.763286622017721,HG1
1313,2021-04-28,2,4.498,0.0022256853167287203,0.7655123073344497,HG1
1314,2021-04-29,2,4.493,-0.0011122234491010277,0.7644000838853487,HG1
1315,2021-04-30,2,4.479,-0.0031208228628599455,0.7612792610224888,HG1
1316,2021-05-04,2,4.529,0.011101357348913673,0.7723806183714025,HG1
1317,2021-05-05,2,4.531,0.0004415011109242233,0.7728221194823267,HG1
1318,2021-05-06,2,4.609,0.017068248053370063,0.7898903675356967,HG1
1319,2021-05-07,2,4.7565,0.03150118992600345,0.8213915574617002,HG1
1320,2021-05-10,2,4.7235,-0.006962053437322778,0.8144295040243774,HG1
1321,2021-05-11,2,4.769,0.00958658908903539,0.8240160931134128,HG1
1322,2021-05-12,2,4.743,-0.005466792420642556,0.8185493006927703,HG1
1323,2021-05-13,2,4.697,-0.00974583985058671,0.8088034608421836,HG1
1324,2021-05-14,2,4.66,-0.007908558907303466,0.8008949019348801,HG1
1325,2021-05-17,2,4.717,0.012157556164570106,0.8130524580994503,HG1
1326,2021-05-18,2,4.7305,0.0028579008602374664,0.8159103589596878,HG1
1327,2021-05-19,2,4.583,-0.03167709963537486,0.7842332593243129,HG1
1328,2021-05-20,2,4.574,-0.0019657099263977085,0.7822675493979152,HG1
1329,2021-05-21,2,4.487,-0.019203768606743044,0.7630637807911722,HG1
1330,2021-05-24,2,4.533,0.01019964496486591,0.7732634257560381,HG1
1331,2021-05-25,2,4.5145,-0.004089533193315527,0.7691738925627226,HG1
1332,2021-05-26,2,4.535,0.0045306448017030515,0.7737045373644257,HG1
1333,2021-05-27,2,4.6665,0.02858424245656436,0.80228877982099,HG1
1334,2021-05-28,2,4.6825,0.003422829312442171,0.8057116091334322,HG1
1335,2021-06-01,2,4.6535,-0.006212530692478337,0.7994990784409539,HG1
1336,2021-06-02,2,4.5915,-0.013412856572188348,0.7860862218687655,HG1
1337,2021-06-03,2,4.463,-0.02838558242430695,0.7577006394444585,HG1
1338,2021-06-04,2,4.529,0.014679978926943869,0.7723806183714024,HG1
1339,2021-06-07,2,4.5265,-0.0005521506407186925,0.7718284677306837,HG1
1340,2021-06-08,2,4.556,0.006496031651577688,0.7783244993822613,HG1
1341,2021-06-09,2,4.531,-0.005502379899934613,0.7728221194823267,HG1
1342,2021-06-10,2,4.485,-0.01020417017424151,0.7626179493080852,HG1
1343,2021-06-11,2,4.5375,0.011637704080209609,0.7742556533882948,HG1
1344,2021-06-14,2,4.527,-0.0023167311371474933,0.7719389222511474,HG1
1345,2021-06-15,2,4.333,-0.043799325696049135,0.7281395965550982,HG1
1346,2021-06-16,2,4.385,0.01192948306637388,0.7400690796214721,HG1
1347,2021-06-17,2,4.178,-0.04835696268977232,0.6917121169316998,HG1
1348,2021-06-18,2,4.157,-0.0050390028638736765,0.686673114067826,HG1
1349,2021-06-21,2,4.184,0.006474066492121391,0.6931471805599474,HG1
1350,2021-06-22,2,4.23,0.010934266295564947,0.7040814468555123,HG1
1351,2021-06-23,2,4.3305,0.023481015730775667,0.727562462586288,HG1
1352,2021-06-24,2,4.311,-0.004513113023964815,0.7230493495623231,HG1
1353,2021-06-25,2,4.292,-0.004417070996545517,0.7186322785657776,HG1
1354,2021-06-28,2,4.278,-0.003267214108238235,0.7153650644575393,HG1
1355,2021-06-29,2,4.2765,-0.00035069262151440325,0.7150143718360249,HG1
1356,2021-06-30,2,4.2965,0.004665819732441244,0.7196801915684662,HG1
1357,2021-07-01,2,4.2385,-0.013591304704817416,0.7060888868636488,HG1
1358,2021-07-02,2,4.279,0.009509904368356527,0.7155987912320053,HG1
1359,2021-07-06,2,4.254,-0.005859620656634466,0.7097391705753708,HG1
1360,2021-07-07,2,4.3255,0.016668023860246628,0.7264071944356174,HG1
1361,2021-07-08,2,4.2675,-0.013499564951833293,0.7129076294837842,HG1
1362,2021-07-09,2,4.3485,0.01880278236122402,0.7317104118450082,HG1
1363,2021-07-12,2,4.319,-0.006807064069118643,0.7249033477758895,HG1
1364,2021-07-13,2,4.31,-0.0020859898629077504,0.7228173579129817,HG1
1365,2021-07-14,2,4.271,-0.009089912256326924,0.7137274456566548,HG1
1366,2021-07-15,2,4.327,0.013026469383418353,0.7267539150400731,HG1
1367,2021-07-16,2,4.327,0.0,0.7267539150400731,HG1
1368,2021-07-19,2,4.205,-0.028600167817836336,0.6981537472222368,HG1
1369,2021-07-20,2,4.2675,0.014753882261547311,0.712907629483784,HG1
1370,2021-07-21,2,4.2765,0.002106742352240726,0.7150143718360248,HG1
1371,2021-07-22,2,4.341,0.014969818278757074,0.7299841901147819,HG1
1372,2021-07-23,2,4.4025,0.014067825070767566,0.7440520151855494,HG1
1373,2021-07-26,2,4.585,0.040617544320203945,0.7846695595057533,HG1
1374,2021-07-27,2,4.5435,-0.009092465555163602,0.7755770939505897,HG1
1375,2021-07-28,2,4.481,-0.013851404349258703,0.761725689601331,HG1
1376,2021-07-29,2,4.52,0.0086657580401338,0.7703914476414648,HG1
1377,2021-07-30,2,4.4805,-0.008777346502002568,0.7616141011394623,HG1
1378,2021-08-02,2,4.433,-0.0106580915792207,0.7509560095602416,HG1
1379,2021-08-03,2,4.386,-0.010658905767219909,0.7402971037930216,HG1
1380,2021-08-04,2,4.3325,-0.012272907388072454,0.7280241964049492,HG1
1381,2021-08-05,2,4.348,0.0035712266513389965,0.7315954230562882,HG1
1382,2021-08-06,2,4.348,0.0,0.7315954230562882,HG1
